Protocollo;Gruppo;DataOraIncidente;Localizzazione1;STRADA1;Localizzazione2;STRADA2;Strada02;Chilometrica;DaSpecificare;NaturaIncidente;particolaritastrade;TipoStrada;FondoStradale;Pavimentazione;Segnaletica;CondizioneAtmosferica;Traffico;Visibilita;Illuminazione;NUM_FERITI;NUM_RISERVATA;NUM_MORTI;NUM_ILLESI;Longitudine;Latitudine;Confermato;Progressivo;TipoVeicolo;StatoVeicolo;TipoPersona;Sesso;Tipolesione;Deceduto;DecedutoDopo;CinturaCascoUtilizzato;Airbag
1696447;13;02/10/2006 18:00;Strada Urbana;VIA ALESSANDRO GERALDINI;all'intersezione con;VIA FERDINANDO D'ARAGONA;VIA FERDINANDO D'ARAGONA;;;Scontro frontale/laterale SX fra veicoli in marcia;Incrocio;Una carreggiata a senso unico di marcia;Asciutto;Asfaltata;Verticale;Sereno;Scarso;Buona;Ore Diurne;0;0;0;3;;;-1;1;Autovettura privata;In marcia / fermata / arresto;Conducente;M;Illeso;0;;Non accertato;Inesploso
1696447;13;02/10/2006 18:00;Strada Urbana;VIA ALESSANDRO GERALDINI;all'intersezione con;VIA FERDINANDO D'ARAGONA;VIA FERDINANDO D'ARAGONA;;;Scontro frontale/laterale SX fra veicoli in marcia;Incrocio;Una carreggiata a senso unico di marcia;Asciutto;Asfaltata;Verticale;Sereno;Scarso;Buona;Ore Diurne;0;0;0;3;;;-1;2;Autovettura privata;In marcia / fermata / arresto;Conducente;M;Illeso;0;;Non accertato;Inesploso
1696447;13;02/10/2006 18:00;Strada Urbana;VIA ALESSANDRO GERALDINI;all'intersezione con;VIA FERDINANDO D'ARAGONA;VIA FERDINANDO D'ARAGONA;;;Scontro frontale/laterale SX fra veicoli in marcia;Incrocio;Una carreggiata a senso unico di marcia;Asciutto;Asfaltata;Verticale;Sereno;Scarso;Buona;Ore Diurne;0;0;0;3;;;-1;2;Autovettura privata;In marcia / fermata / arresto;Passeggero;M;Illeso;0;;Non accertato;Inesploso
1696448;13;02/10/2006 18:30;Strada Urbana;VIA MAR ARABICO;da specificare;;;;ALTEZZA CIV. 58;Veicolo in marcia contro veicoli fermi;Rettilineo;Due carreggiate;Asciutto;Asfaltata;Assente;Sereno;Scarso;Buona;Ore Diurne;0;0;0;1;;;-1;1;Autocarro inferiore 35 q.;In marcia / fermata / arresto;Conducente;M;Illeso;0;;Non accertato;Inesistente
1696449;15;02/10/2006 09:50;Strada Urbana;VIA DELLA MAGLIANA;all'intersezione con;VIA DELL'IMPRUNETA;VIA DELL'IMPRUNETA;;;Tamponamento Multiplo;Incrocio;Una carreggiata a doppio senso;Asciutto;Asfaltata;Verticale ed orizzontale;Sereno;Normale;Buona;Ore Diurne;1;0;0;2;;;-1;1;Autocarro inferiore 35 q.;In marcia / fermata / arresto;Conducente;M;Illeso;0;;Utilizzato;Inesistente
1696449;15;02/10/2006 09:50;Strada Urbana;VIA DELLA MAGLIANA;all'intersezione con;VIA DELL'IMPRUNETA;VIA DELL'IMPRUNETA;;;Tamponamento Multiplo;Incrocio;Una carreggiata a doppio senso;Asciutto;Asfaltata;Verticale ed orizzontale;Sereno;Normale;Buona;Ore Diurne;1;0;0;2;;;-1;2;Motociclo a solo;In marcia / fermata / arresto;Conducente;M;Rimandato;0;NON DECEDUTO;Utilizzato;Inesistente
1696449;15;02/10/2006 09:50;Strada Urbana;VIA DELLA MAGLIANA;all'intersezione con;VIA DELL'IMPRUNETA;VIA DELL'IMPRUNETA;;;Tamponamento Multiplo;Incrocio;Una carreggiata a doppio senso;Asciutto;Asfaltata;Verticale ed orizzontale;Sereno;Normale;Buona;Ore Diurne;1;0;0;2;;;-1;3;Autovettura privata;In marcia / fermata / arresto;Conducente;F;Illeso;0;;Utilizzato;Inesistente
1696450;15;02/10/2006 23:30;Strada Urbana;VIA CRISTOFORO COLOMBO;all'intersezione con;VIA CESARE FEDERICI;VIA CESARE FEDERICI;;;Scontro frontale/laterale DX fra veicoli in marcia;Incrocio;Una carreggiata a senso unico di marcia;Asciutto;Asfaltata;Verticale;Sereno;Normale;Sufficiente;Sufficiente;0;0;0;2;;;-1;1;Autovettura privata;In marcia / fermata / arresto;Conducente;F;Illeso;0;;Utilizzato;Inesistente
1696450;15;02/10/2006 23:30;Strada Urbana;VIA CRISTOFORO COLOMBO;all'intersezione con;VIA CESARE FEDERICI;VIA CESARE FEDERICI;;;Scontro frontale/laterale DX fra veicoli in marcia;Incrocio;Una carreggiata a senso unico di marcia;Asciutto;Asfaltata;Verticale;Sereno;Normale;Sufficiente;Sufficiente;0;0;0;2;;;-1;2;Autovettura privata;In marcia / fermata / arresto;Conducente;M;Illeso;0;;Utilizzato;Inesistente
1696459;16;02/10/2006 12:15;Strada Urbana;VIA PORTUENSE;in corrispondenza;;del civico n. ;22;;Tamponamento;Rettilineo;Una carreggiata a doppio senso;Asciutto;Asfaltata;Orizzontale;Sereno;Normale;Buona;Ore Diurne;1;0;0;2;;;-1;1;Autovettura privata;In marcia / fermata / arresto;Conducente;F;Illeso;0;;Non accertato;Inesistente
1696459;16;02/10/2006 12:15;Strada Urbana;VIA PORTUENSE;in corrispondenza;;del civico n. ;22;;Tamponamento;Rettilineo;Una carreggiata a doppio senso;Asciutto;Asfaltata;Orizzontale;Sereno;Normale;Buona;Ore Diurne;1;0;0;2;;;-1;1;Autovettura privata;In marcia / fermata / arresto;Passeggero;F;Illeso;0;;Non accertato;Inesistente
1696459;16;02/10/2006 12:15;Strada Urbana;VIA PORTUENSE;in corrispondenza;;del civico n. ;22;;Tamponamento;Rettilineo;Una carreggiata a doppio senso;Asciutto;Asfaltata;Orizzontale;Sereno;Normale;Buona;Ore Diurne;1;0;0;2;;;-1;2;Motociclo a solo;In marcia / fermata / arresto;Conducente;M;Rimandato;0;NON DECEDUTO;Non accertato;Inesistente
1696460;16;02/10/2006 13:15;Strada Urbana;PIAZZA DI S. PANCRAZIO;all'intersezione con;VIA FONTEIANA;VIA FONTEIANA;;;Scontro laterale fra veicoli in marcia;Intersezione semaforizzata;Una carreggiata a senso unico di marcia;Asciutto;Asfaltata;Verticale ed orizzontale;Sereno;Normale;Buona;Ore Diurne;1;0;0;1;;;-1;1;Autovettura privata;In marcia / fermata / arresto;Conducente;M;Illeso;0;;Non accertato;Inesistente
1696460;16;02/10/2006 13:15;Strada Urbana;PIAZZA DI S. PANCRAZIO;all'intersezione con;VIA FONTEIANA;VIA FONTEIANA;;;Scontro laterale fra veicoli in marcia;Intersezione semaforizzata;Una carreggiata a senso unico di marcia;Asciutto;Asfaltata;Verticale ed orizzontale;Sereno;Normale;Buona;Ore Diurne;1;0;0;1;;;-1;2;Ciclomotore;In marcia / fermata / arresto;Conducente;F;Rimandato;0;NON DECEDUTO;Non accertato;Inesistente
1696461;16;02/10/2006 16:00;Strada Urbana;VIA PORTUENSE;in corrispondenza;;del civico n. ;80;;Scontro frontale/laterale SX fra veicoli in marcia;Rettilineo;Una carreggiata a doppio senso;Asciutto;Asfaltata;Orizzontale;Sereno;Normale;Buona;Ore Diurne;0;0;0;2;;;-1;1;Autovettura privata;In marcia / fermata / arresto;Conducente;M;Illeso;0;;Non accertato;Inesistente
1696461;16;02/10/2006 16:00;Strada Urbana;VIA PORTUENSE;in corrispondenza;;del civico n. ;80;;Scontro frontale/laterale SX fra veicoli in marcia;Rettilineo;Una carreggiata a doppio senso;Asciutto;Asfaltata;Orizzontale;Sereno;Normale;Buona;Ore Diurne;0;0;0;2;;;-1;2;Autovettura privata;In marcia / fermata / arresto;Conducente;M;Illeso;0;;Non accertato;Inesistente
1696476;18;03/10/2006 07:05;Strada Urbana;VIA GREGORIO VII;in prossimità;;del civico n. ;186;;Veicolo in marcia contro ostacolo fisso;Rettilineo;Più di due carreggiate;Asciutto;Asfaltata;Verticale ed orizzontale;Sereno;Scarso;Buona;Ore Diurne;1;0;0;0;;;-1;1;Autovettura privata;In marcia / fermata / arresto;Conducente;M;Rimandato;0;NON DECEDUTO;Utilizzato;Inesistente
1696478;19;02/10/2006 15:00;Strada Urbana;VIA TOMMASO ZIGLIARA;all'intersezione con;VIA RUGGERO RUGGERI;VIA RUGGERO RUGGERI;;;Infortunio per sola frenata improvvisa;Intersezione non regolata/non segnalata;Una carreggiata a doppio senso;Asciutto;Asfaltata;Assente;Sereno;Normale;Buona;Ore Diurne;1;0;0;3;;;-1;1;Autovettura privata;In marcia / fermata / arresto;Conducente;M;Illeso;0;;Utilizzato;Inesistente
1696478;19;02/10/2006 15:00;Strada Urbana;VIA TOMMASO ZIGLIARA;all'intersezione con;VIA RUGGERO RUGGERI;VIA RUGGERO RUGGERI;;;Infortunio per sola frenata improvvisa;Intersezione non regolata/non segnalata;Una carreggiata a doppio senso;Asciutto;Asfaltata;Assente;Sereno;Normale;Buona;Ore Diurne;1;0;0;3;;;-1;1;Autovettura privata;In marcia / fermata / arresto;Passeggero;F;Illeso;0;;Non accertato;Inesistente
1696478;19;02/10/2006 15:00;Strada Urbana;VIA TOMMASO ZIGLIARA;all'intersezione con;VIA RUGGERO RUGGERI;VIA RUGGERO RUGGERI;;;Infortunio per sola frenata improvvisa;Intersezione non regolata/non segnalata;Una carreggiata a doppio senso;Asciutto;Asfaltata;Assente;Sereno;Normale;Buona;Ore Diurne;1;0;0;3;;;-1;1;Autovettura privata;In marcia / fermata / arresto;Passeggero;M;Illeso;0;;Non accertato;Inesistente
1696478;19;02/10/2006 15:00;Strada Urbana;VIA TOMMASO ZIGLIARA;all'intersezione con;VIA RUGGERO RUGGERI;VIA RUGGERO RUGGERI;;;Infortunio per sola frenata improvvisa;Intersezione non regolata/non segnalata;Una carreggiata a doppio senso;Asciutto;Asfaltata;Assente;Sereno;Normale;Buona;Ore Diurne;1;0;0;3;;;-1;2;Motociclo a solo;In marcia / fermata / arresto;Conducente;M;Rimandato;0;NON DECEDUTO;Utilizzato;Inesistente
1696479;19;02/10/2006 16:45;Strada Urbana;VIA DEI MONTI DI PRIMAVALLE;in prossimità;;del civico n. ;188;;Scontro laterale fra veicoli in marcia;Rettilineo;Una carreggiata a doppio senso;Asciutto;Asfaltata;Orizzontale;Sereno;Normale;Buona;Ore Diurne;0;0;0;2;;;-1;1;Autovettura privata;In marcia / fermata / arresto;Conducente;M;Illeso;0;;Non accertato;Inesistente
1696479;19;02/10/2006 16:45;Strada Urbana;VIA DEI MONTI DI PRIMAVALLE;in prossimità;;del civico n. ;188;;Scontro laterale fra veicoli in marcia;Rettilineo;Una carreggiata a doppio senso;Asciutto;Asfaltata;Orizzontale;Sereno;Normale;Buona;Ore Diurne;0;0;0;2;;;-1;2;Autovettura privata;In marcia / fermata / arresto;Conducente;M;Illeso;0;;Non accertato;Inesistente
1696480;19;02/10/2006 20:50;Strada Urbana;VIA IPOGEO DEGLI OTTAVI;da specificare;;;;s.n.c.;Veicolo in marcia contro ostacolo fisso;Rettilineo;Una carreggiata a doppio senso;Asciutto;Strada pavimentata dissestata;Assente;Sereno;Scarso;Sufficiente;Insufficiente;1;0;0;0;;;-1;1;Ciclomotore;In marcia / fermata / arresto;Conducente;M;Rimandato;0;NON DECEDUTO;Utilizzato;Inesistente
1696481;19;03/10/2006 07:50;Strada Urbana;VIA EUGENIO DI MATTEI;in prossimità;;del civico n. ;60;;Tamponamento;Rettilineo;Una carreggiata a doppio senso;Asciutto;Asfaltata;Orizzontale;Sereno;Normale;Buona;Ore Diurne;1;0;0;1;;;-1;1;Autovettura privata;In marcia / fermata / arresto;Conducente;M;Illeso;0;;Utilizzato;Inesistente
1696481;19;03/10/2006 07:50;Strada Urbana;VIA EUGENIO DI MATTEI;in prossimità;;del civico n. ;60;;Tamponamento;Rettilineo;Una carreggiata a doppio senso;Asciutto;Asfaltata;Orizzontale;Sereno;Normale;Buona;Ore Diurne;1;0;0;1;;;-1;2;Ciclomotore;In marcia / fermata / arresto;Conducente;M;Rimandato;0;NON DECEDUTO;Non accertato;Inesistente
1696482;19;03/10/2006 09:00;Strada Urbana;VIA DELL'ACQUEDOTTO DEL PESCHIERA;da specificare;;;;fronte civico 42;Scontro frontale/laterale SX fra veicoli in marcia;Rettilineo;Una carreggiata a senso unico di marcia;Asciutto;Asfaltata;Orizzontale;Sereno;Intenso;Buona;Ore Diurne;0;0;0;2;;;-1;1;Autovettura privata;In marcia / fermata / arresto;Conducente;M;Illeso;0;;Utilizzato;Inesistente
1696482;19;03/10/2006 09:00;Strada Urbana;VIA DELL'ACQUEDOTTO DEL PESCHIERA;da specificare;;;;fronte civico 42;Scontro frontale/laterale SX fra veicoli in marcia;Rettilineo;Una carreggiata a senso unico di marcia;Asciutto;Asfaltata;Orizzontale;Sereno;Intenso;Buona;Ore Diurne;0;0;0;2;;;-1;2;Autovettura privata;In marcia / fermata / arresto;Conducente;F;Illeso;0;;Utilizzato;Inesploso
1696483;19;03/10/2006 09:50;Strada Urbana;VIA DELLA PINETA SACCHETTI;da specificare;;;;pochi metri dopo l'incrocio con Via Clemente XII;Tamponamento;Rettilineo;Due carreggiate;Asciutto;Asfaltata;Orizzontale;Sereno;Normale;Buona;Ore Diurne;0;0;0;2;;;-1;1;Autovettura privata;In marcia / fermata / arresto;Conducente;M;Illeso;0;;Non accertato;Inesistente
1696483;19;03/10/2006 09:50;Strada Urbana;VIA DELLA PINETA SACCHETTI;da specificare;;;;pochi metri dopo l'incrocio con Via Clemente XII;Tamponamento;Rettilineo;Due carreggiate;Asciutto;Asfaltata;Orizzontale;Sereno;Normale;Buona;Ore Diurne;0;0;0;2;;;-1;2;Autocarro superiore 35 q.;In marcia / fermata / arresto;Conducente;M;Illeso;0;;Non accertato;Inesistente
1696484;19;03/10/2006 11:00;Strada Urbana;VIA DELLA VALLE DEI FONTANILI;da specificare;;;;uscita P.C. Centro Commerciale Il Fontanile;Scontro laterale fra veicoli in marcia;Rettilineo;Una carreggiata a doppio senso;Asciutto;Asfaltata;Assente;Sereno;Normale;Buona;Ore Diurne;1;0;0;1;;;-1;1;Autovettura pubblica;In marcia / fermata / arresto;Conducente;M;Illeso;0;;Non accertato;Inesistente
1696484;19;03/10/2006 11:00;Strada Urbana;VIA DELLA VALLE DEI FONTANILI;da specificare;;;;uscita P.C. Centro Commerciale Il Fontanile;Scontro laterale fra veicoli in marcia;Rettilineo;Una carreggiata a doppio senso;Asciutto;Asfaltata;Assente;Sereno;Normale;Buona;Ore Diurne;1;0;0;1;;;-1;2;Motociclo a solo;In marcia / fermata / arresto;Conducente;M;Rimandato;0;NON DECEDUTO;Utilizzato;Inesistente
1696485;19;03/10/2006 12:00;Strada Urbana;LARGO CODOGNO;in corrispondenza;;del civico n. ;10;;Veicolo in marcia contro veicolo fermo;Rettilineo;Una carreggiata a doppio senso;Asciutto;Asfaltata;Assente;Nuvoloso;Normale;Buona;Ore Diurne;0;0;0;1;;;-1;2;Autocarro inferiore 35 q.;In marcia / fermata / arresto;Conducente;M;Illeso;0;;Utilizzato;Inesistente
1696503;1;01/10/2006 00:05;Strada Urbana;VIA DEI SERPENTI;in prossimità;;del civico n. ;169;;Veicolo in marcia contro ostacolo fisso;Rettilineo;Due carreggiate;Asciutto;Asfaltata;Verticale ed orizzontale;Sereno;Scarso;Buona;Sufficiente;0;0;0;2;;;-1;1;Autovettura privata;In marcia / fermata / arresto;Conducente;M;Illeso;0;;Non accertato;Inesistente
1696503;1;01/10/2006 00:05;Strada Urbana;VIA DEI SERPENTI;in prossimità;;del civico n. ;169;;Veicolo in marcia contro ostacolo fisso;Rettilineo;Due carreggiate;Asciutto;Asfaltata;Verticale ed orizzontale;Sereno;Scarso;Buona;Sufficiente;0;0;0;2;;;-1;2;Autovettura privata;In marcia / fermata / arresto;Conducente;F;Illeso;0;;Non accertato;Inesistente
1696504;1;01/10/2006 01:20;Strada Urbana;VIA VITTORIO VENETO;in corrispondenza;;del civico n. ;136;;Infortunio per caduta del veicolo;Rettilineo;Una carreggiata a doppio senso;Asciutto;Asfaltata;Verticale ed orizzontale;Sereno;Normale;Buona;Sufficiente;1;0;0;0;;;-1;1;Motociclo a solo;In marcia / fermata / arresto;Conducente;M;Rifiuta cure immediate;0;NON DECEDUTO;Non accertato;Inesistente
1696505;1;01/10/2006 03:00;Strada Urbana;VIA LABICANA;all'intersezione semaforizzata con;VIA MERULANA;VIA MERULANA;;;Scontro frontale/laterale DX fra veicoli in marcia;Intersezione semaforizzata;Più di due carreggiate;Asciutto;Asfaltata;Verticale ed orizzontale;Sereno;Scarso;Buona;Sufficiente;1;0;0;2;;;-1;1;Autovettura di polizia;In marcia / fermata / arresto;Conducente;M;Illeso;0;;Esente;Inesploso
1696505;1;01/10/2006 03:00;Strada Urbana;VIA LABICANA;all'intersezione semaforizzata con;VIA MERULANA;VIA MERULANA;;;Scontro frontale/laterale DX fra veicoli in marcia;Intersezione semaforizzata;Più di due carreggiate;Asciutto;Asfaltata;Verticale ed orizzontale;Sereno;Scarso;Buona;Sufficiente;1;0;0;2;;;-1;1;Autovettura di polizia;In marcia / fermata / arresto;Passeggero;M;Illeso;0;;Esente;Inesistente
1696505;1;01/10/2006 03:00;Strada Urbana;VIA LABICANA;all'intersezione semaforizzata con;VIA MERULANA;VIA MERULANA;;;Scontro frontale/laterale DX fra veicoli in marcia;Intersezione semaforizzata;Più di due carreggiate;Asciutto;Asfaltata;Verticale ed orizzontale;Sereno;Scarso;Buona;Sufficiente;1;0;0;2;;;-1;2;Velocipede;In marcia / fermata / arresto;Conducente;M;Ricoverato;0;NON DECEDUTO;Esente;Inesistente
1696507;1;01/10/2006 12:10;Strada Urbana;PIAZZA DEL COLOSSEO;all'intersezione semaforizzata con;VIA CELIO VIBENNA;VIA CELIO VIBENNA;;;Scontro frontale/laterale SX fra veicoli in marcia;Intersezione semaforizzata;Due carreggiate;Asciutto;Asfaltata;Verticale ed orizzontale;Sereno;Normale;Buona;Ore Diurne;0;0;0;2;;;-1;1;Autovettura privata;In marcia / fermata / arresto;Conducente;M;Illeso;0;;Utilizzato;Inesistente
1696507;1;01/10/2006 12:10;Strada Urbana;PIAZZA DEL COLOSSEO;all'intersezione semaforizzata con;VIA CELIO VIBENNA;VIA CELIO VIBENNA;;;Scontro frontale/laterale SX fra veicoli in marcia;Intersezione semaforizzata;Due carreggiate;Asciutto;Asfaltata;Verticale ed orizzontale;Sereno;Normale;Buona;Ore Diurne;0;0;0;2;;;-1;2;Autovettura privata;In marcia / fermata / arresto;Conducente;M;Illeso;0;;Non accertato;Inesistente
1696508;1;01/10/2006 13:15;Strada Urbana;VIA DEI GENOVESI;all'intersezione con;VIA DI S. CECILIA;VIA DI S. CECILIA;;;Scontro frontale/laterale SX fra veicoli in marcia;Incrocio;Una carreggiata a senso unico di marcia;Asciutto;Acciotolata;Verticale;Sereno;Scarso;Buona;Ore Diurne;3;0;0;0;;;-1;1;Motociclo con passeggero;In marcia / fermata / arresto;Conducente;F;Rimandato;0;NON DECEDUTO;Non accertato;Inesistente
1696508;1;01/10/2006 13:15;Strada Urbana;VIA DEI GENOVESI;all'intersezione con;VIA DI S. CECILIA;VIA DI S. CECILIA;;;Scontro frontale/laterale SX fra veicoli in marcia;Incrocio;Una carreggiata a senso unico di marcia;Asciutto;Acciotolata;Verticale;Sereno;Scarso;Buona;Ore Diurne;3;0;0;0;;;-1;1;Motociclo con passeggero;In marcia / fermata / arresto;Passeggero;M;Ricoverato;0;NON DECEDUTO;Non accertato;Inesistente
1696508;1;01/10/2006 13:15;Strada Urbana;VIA DEI GENOVESI;all'intersezione con;VIA DI S. CECILIA;VIA DI S. CECILIA;;;Scontro frontale/laterale SX fra veicoli in marcia;Incrocio;Una carreggiata a senso unico di marcia;Asciutto;Acciotolata;Verticale;Sereno;Scarso;Buona;Ore Diurne;3;0;0;0;;;-1;2;Ciclomotore;In marcia / fermata / arresto;Conducente;M;Rifiuta cure immediate;0;NON DECEDUTO;Non accertato;Inesistente
1696509;1;01/10/2006 13:20;Strada Urbana;PIAZZA DI PORTA PORTESE;da specificare;;;;PROSSIMITA' VIA DI S.MICHELE;Tamponamento;Rettilineo;Una carreggiata a doppio senso;Asciutto;Asfaltata;Assente;Sereno;Normale;Buona;Ore Diurne;1;0;0;2;;;-1;1;Autovettura privata;In marcia / fermata / arresto;Conducente;M;Illeso;0;;Non accertato;Inesistente
1696509;1;01/10/2006 13:20;Strada Urbana;PIAZZA DI PORTA PORTESE;da specificare;;;;PROSSIMITA' VIA DI S.MICHELE;Tamponamento;Rettilineo;Una carreggiata a doppio senso;Asciutto;Asfaltata;Assente;Sereno;Normale;Buona;Ore Diurne;1;0;0;2;;;-1;1;Autovettura privata;In marcia / fermata / arresto;Passeggero;F;Rimandato;0;NON DECEDUTO;Non accertato;Inesistente
1696509;1;01/10/2006 13:20;Strada Urbana;PIAZZA DI PORTA PORTESE;da specificare;;;;PROSSIMITA' VIA DI S.MICHELE;Tamponamento;Rettilineo;Una carreggiata a doppio senso;Asciutto;Asfaltata;Assente;Sereno;Normale;Buona;Ore Diurne;1;0;0;2;;;-1;2;Autovettura privata;In marcia / fermata / arresto;Conducente;M;Illeso;0;;Non accertato;Inesistente
1696510;1;01/10/2006 16:10;Strada Urbana;PIAZZA DEI CINQUECENTO;da specificare;;;;altezza Palazzo Massimo;Investimento di pedone;Rettilineo;Una carreggiata a senso unico di marcia;Asciutto;Asfaltata;Assente;Sereno;Scarso;Buona;Ore Diurne;1;0;0;1;;;-1;;;;Pedone;M;Rimandato;0;NON DECEDUTO;;
1696510;1;01/10/2006 16:10;Strada Urbana;PIAZZA DEI CINQUECENTO;da specificare;;;;altezza Palazzo Massimo;Investimento di pedone;Rettilineo;Una carreggiata a senso unico di marcia;Asciutto;Asfaltata;Assente;Sereno;Scarso;Buona;Ore Diurne;1;0;0;1;;;-1;1;Autovettura privata;In marcia / fermata / arresto;Conducente;M;Illeso;0;;Non accertato;Inesistente
1696511;1;01/10/2006 19:35;Strada Urbana;VIALE TRENTA APRILE;in prossimità;;del civico n. ;12;;Infortunio per caduta del veicolo;Curva senza visuale libera;Una carreggiata a senso unico di marcia;Sdrucciolevole (pietrisco);Asfaltata;Verticale ed orizzontale;Sereno;Scarso;Insufficiente;Inesistente;1;0;0;0;;;-1;1;Motociclo a solo;In marcia / fermata / arresto;Conducente;M;Rifiuta cure immediate;0;NON DECEDUTO;Non accertato;Inesistente
1696513;1;01/10/2006 23:45;Strada Urbana;PIAZZA DI PORTA S. PAOLO;all'intersezione con;VIA MARMORATA;VIA MARMORATA;;;Scontro laterale fra veicoli in marcia;Incrocio;Due carreggiate;Asciutto;Lastricata;Verticale ed orizzontale;Sereno;Scarso;Buona;Sufficiente;0;0;0;4;;;-1;1;Autovettura pubblica;In marcia / fermata / arresto;Conducente;M;Illeso;0;;Non accertato;Inesploso
1696513;1;01/10/2006 23:45;Strada Urbana;PIAZZA DI PORTA S. PAOLO;all'intersezione con;VIA MARMORATA;VIA MARMORATA;;;Scontro laterale fra veicoli in marcia;Incrocio;Due carreggiate;Asciutto;Lastricata;Verticale ed orizzontale;Sereno;Scarso;Buona;Sufficiente;0;0;0;4;;;-1;2;Autovettura privata;In marcia / fermata / arresto;Conducente;M;Illeso;0;;Non accertato;Inesploso
1696513;1;01/10/2006 23:45;Strada Urbana;PIAZZA DI PORTA S. PAOLO;all'intersezione con;VIA MARMORATA;VIA MARMORATA;;;Scontro laterale fra veicoli in marcia;Incrocio;Due carreggiate;Asciutto;Lastricata;Verticale ed orizzontale;Sereno;Scarso;Buona;Sufficiente;0;0;0;4;;;-1;2;Autovettura privata;In marcia / fermata / arresto;Passeggero;F;Illeso;0;;Non accertato;Inesistente
1696514;1;02/10/2006 07:55;Strada Urbana;PORTA S. SEBASTIANO;all'intersezione con;PIAZZALE NUMA POMPILIO;PIAZZALE NUMA POMPILIO;;;Scontro frontale/laterale SX fra veicoli in marcia;Incrocio;Una carreggiata a doppio senso;Asciutto;In cubetti di porfido;Verticale;Sereno;Intenso;Buona;Ore Diurne;1;0;0;1;;;-1;1;Autovettura privata;In marcia / fermata / arresto;Conducente;M;Illeso;0;;Non accertato;Inesistente
1696514;1;02/10/2006 07:55;Strada Urbana;PORTA S. SEBASTIANO;all'intersezione con;PIAZZALE NUMA POMPILIO;PIAZZALE NUMA POMPILIO;;;Scontro frontale/laterale SX fra veicoli in marcia;Incrocio;Una carreggiata a doppio senso;Asciutto;In cubetti di porfido;Verticale;Sereno;Intenso;Buona;Ore Diurne;1;0;0;1;;;-1;2;Autovettura privata;In marcia / fermata / arresto;Conducente;F;Rimandato;0;NON DECEDUTO;Non accertato;Inesistente
1696516;1;02/10/2006 10:45;Strada Urbana;LUNGOTEVERE IN AUGUSTA;in prossimità;;del palo luce n. ;8;;Tamponamento;Rettilineo;Una carreggiata a senso unico di marcia;Asciutto;Asfaltata;Verticale ed orizzontale;Sereno;Intenso;Sufficiente;Ore Diurne;0;0;0;2;;;-1;1;Autovettura privata;In marcia / fermata / arresto;Conducente;F;Illeso;0;;Utilizzato;Inesploso
1696516;1;02/10/2006 10:45;Strada Urbana;LUNGOTEVERE IN AUGUSTA;in prossimità;;del palo luce n. ;8;;Tamponamento;Rettilineo;Una carreggiata a senso unico di marcia;Asciutto;Asfaltata;Verticale ed orizzontale;Sereno;Intenso;Sufficiente;Ore Diurne;0;0;0;2;;;-1;2;Autovettura di polizia;In marcia / fermata / arresto;Conducente;M;Illeso;0;;Non accertato;Esploso
1696517;1;02/10/2006 12:00;Strada Urbana;VIA EMANUELE FILIBERTO;in prossimità;;del civico n. ;207;;Tamponamento;Rettilineo;Una carreggiata a doppio senso;Asciutto;Acciotolata;Verticale ed orizzontale;Sereno;Normale;Buona;Ore Diurne;0;0;0;3;;;-1;1;Autovettura privata;In marcia / fermata / arresto;Conducente;M;Illeso;0;;Utilizzato;Inesploso
1696517;1;02/10/2006 12:00;Strada Urbana;VIA EMANUELE FILIBERTO;in prossimità;;del civico n. ;207;;Tamponamento;Rettilineo;Una carreggiata a doppio senso;Asciutto;Acciotolata;Verticale ed orizzontale;Sereno;Normale;Buona;Ore Diurne;0;0;0;3;;;-1;2;Autovettura privata;In marcia / fermata / arresto;Conducente;M;Illeso;0;;Utilizzato;Inesploso
1696517;1;02/10/2006 12:00;Strada Urbana;VIA EMANUELE FILIBERTO;in prossimità;;del civico n. ;207;;Tamponamento;Rettilineo;Una carreggiata a doppio senso;Asciutto;Acciotolata;Verticale ed orizzontale;Sereno;Normale;Buona;Ore Diurne;0;0;0;3;;;-1;3;Autovettura privata;In marcia / fermata / arresto;Conducente;M;Illeso;0;;Utilizzato;Inesploso
1696518;1;02/10/2006 12:15;Strada Urbana;VIA DEI BRESCIANI;in corrispondenza;;del civico n. ;05-giu;;Veicolo in marcia contro ostacolo accidentale;Rettilineo;Una carreggiata a senso unico di marcia;Asciutto;Con buche;Verticale ed orizzontale;Sereno;Scarso;Buona;Ore Diurne;0;0;0;1;;;-1;1;Autovettura privata;In marcia / fermata / arresto;Conducente;M;Illeso;0;;Non accertato;Inesistente
1696519;1;02/10/2006 12:20;Strada Urbana;LUNGOTEVERE DEI VALLATI;all'intersezione semaforizzata con;PONTE SISTO;PONTE SISTO;;;Veicolo in marcia contro veicolo arresto;Intersezione semaforizzata;Una carreggiata a senso unico di marcia;Asciutto;Asfaltata;Verticale ed orizzontale;Sereno;Normale;Buona;Ore Diurne;1;0;0;1;;;-1;1;Autovettura privata;In marcia / fermata / arresto;Conducente;M;Illeso;0;;Utilizzato;Inesploso
1696519;1;02/10/2006 12:20;Strada Urbana;LUNGOTEVERE DEI VALLATI;all'intersezione semaforizzata con;PONTE SISTO;PONTE SISTO;;;Veicolo in marcia contro veicolo arresto;Intersezione semaforizzata;Una carreggiata a senso unico di marcia;Asciutto;Asfaltata;Verticale ed orizzontale;Sereno;Normale;Buona;Ore Diurne;1;0;0;1;;;-1;2;Motociclo a solo;In marcia / fermata / arresto;Conducente;M;Rimandato;0;NON DECEDUTO;Utilizzato;Inesistente