Protocollo;Gruppo;DataOraIncidente;Localizzazione1;STRADA1;Localizzazione2;STRADA2;Strada02;Chilometrica;DaSpecificare;NaturaIncidente;particolaritastrade;TipoStrada;FondoStradale;Pavimentazione;Segnaletica;CondizioneAtmosferica;Traffico;Visibilita;Illuminazione;NUM_FERITI;NUM_RISERVATA;NUM_MORTI;NUM_ILLESI;Longitudine;Latitudine;Confermato;Progressivo;TipoVeicolo;StatoVeicolo;TipoPersona;Sesso;Tipolesione;Deceduto;DecedutoDopo;CinturaCascoUtilizzato;Airbag
1696676;7;03/10/2006 20:00;Provinciale entro l'abitato;VIA PRENESTINA;in corrispondenza;;del civico n. ;1068;;Scontro frontale/laterale SX fra veicoli in marcia;Rettilineo;Una carreggiata a doppio senso;Asciutto;Asfaltata;Orizzontale;Sereno;Normale;Sufficiente;Inesistente;1;0;0;3;;;-1;2;Autovettura privata;In marcia / fermata / arresto;Passeggero;F;Illeso;0;;Non accertato;Inesploso
1696676;7;03/10/2006 20:00;Provinciale entro l'abitato;VIA PRENESTINA;in corrispondenza;;del civico n. ;1068;;Scontro frontale/laterale SX fra veicoli in marcia;Rettilineo;Una carreggiata a doppio senso;Asciutto;Asfaltata;Orizzontale;Sereno;Normale;Sufficiente;Inesistente;1;0;0;3;;;-1;2;Autovettura privata;In marcia / fermata / arresto;Passeggero;M;Illeso;0;;Non accertato;Inesploso
1696677;7;04/10/2006 00:20;Strada Urbana;PIAZZA DELLE IRIS;all'intersezione con;VIA DELLE ACACIE;VIA DELLE ACACIE;;;Scontro frontale/laterale SX fra veicoli in marcia;Incrocio;Una carreggiata a senso unico di marcia;Asciutto;Asfaltata;Verticale ed orizzontale;Sereno;Scarso;Buona;Sufficiente;1;0;0;3;;;-1;1;Autovettura privata;In marcia / fermata / arresto;Conducente;M;Illeso;0;;Utilizzato;Inesistente
1696677;7;04/10/2006 00:20;Strada Urbana;PIAZZA DELLE IRIS;all'intersezione con;VIA DELLE ACACIE;VIA DELLE ACACIE;;;Scontro frontale/laterale SX fra veicoli in marcia;Incrocio;Una carreggiata a senso unico di marcia;Asciutto;Asfaltata;Verticale ed orizzontale;Sereno;Scarso;Buona;Sufficiente;1;0;0;3;;;-1;1;Autovettura privata;In marcia / fermata / arresto;Passeggero;F;Illeso;0;;Non accertato;Inesistente
1696677;7;04/10/2006 00:20;Strada Urbana;PIAZZA DELLE IRIS;all'intersezione con;VIA DELLE ACACIE;VIA DELLE ACACIE;;;Scontro frontale/laterale SX fra veicoli in marcia;Incrocio;Una carreggiata a senso unico di marcia;Asciutto;Asfaltata;Verticale ed orizzontale;Sereno;Scarso;Buona;Sufficiente;1;0;0;3;;;-1;2;Autovettura privata;In marcia / fermata / arresto;Conducente;M;Illeso;0;;Non accertato;Inesistente
1696677;7;04/10/2006 00:20;Strada Urbana;PIAZZA DELLE IRIS;all'intersezione con;VIA DELLE ACACIE;VIA DELLE ACACIE;;;Scontro frontale/laterale SX fra veicoli in marcia;Incrocio;Una carreggiata a senso unico di marcia;Asciutto;Asfaltata;Verticale ed orizzontale;Sereno;Scarso;Buona;Sufficiente;1;0;0;3;;;-1;2;Autovettura privata;In marcia / fermata / arresto;Passeggero;M;Rimandato;0;NON DECEDUTO;Non accertato;Esploso
1696678;7;04/10/2006 08:00;Strada Urbana;VIA DAVIDE CAMPARI;in prossimità;;del civico n. ;10;;Tamponamento Multiplo;Rettilineo;Una carreggiata a doppio senso;Bagnato (pioggia);Asfaltata;Orizzontale;Pioggia in atto;Normale;Buona;Ore Diurne;1;0;0;2;;;-1;1;Autovettura privata;In marcia / fermata / arresto;Conducente;M;Illeso;0;;Utilizzato;Inesistente
1696678;7;04/10/2006 08:00;Strada Urbana;VIA DAVIDE CAMPARI;in prossimità;;del civico n. ;10;;Tamponamento Multiplo;Rettilineo;Una carreggiata a doppio senso;Bagnato (pioggia);Asfaltata;Orizzontale;Pioggia in atto;Normale;Buona;Ore Diurne;1;0;0;2;;;-1;2;Autovettura privata;In marcia / fermata / arresto;Conducente;M;Rimandato;0;NON DECEDUTO;Utilizzato;Inesistente
1696678;7;04/10/2006 08:00;Strada Urbana;VIA DAVIDE CAMPARI;in prossimità;;del civico n. ;10;;Tamponamento Multiplo;Rettilineo;Una carreggiata a doppio senso;Bagnato (pioggia);Asfaltata;Orizzontale;Pioggia in atto;Normale;Buona;Ore Diurne;1;0;0;2;;;-1;3;Autovettura privata;In marcia / fermata / arresto;Conducente;M;Illeso;0;;Utilizzato;Inesistente
1696679;7;04/10/2006 09:25;Provinciale entro l'abitato;VIA PRENESTINA;in corrispondenza;;del civico n. ;956;;Scontro frontale/laterale DX fra veicoli in marcia;Rettilineo;Una carreggiata a doppio senso;Bagnato (umidità in atto);Asfaltata;Verticale ed orizzontale;Nuvoloso;Intenso;Buona;Ore Diurne;0;0;0;2;;;-1;1;Autovettura privata;In marcia / fermata / arresto;Conducente;F;Illeso;0;;Non accertato;Inesistente
1696679;7;04/10/2006 09:25;Provinciale entro l'abitato;VIA PRENESTINA;in corrispondenza;;del civico n. ;956;;Scontro frontale/laterale DX fra veicoli in marcia;Rettilineo;Una carreggiata a doppio senso;Bagnato (umidità in atto);Asfaltata;Verticale ed orizzontale;Nuvoloso;Intenso;Buona;Ore Diurne;0;0;0;2;;;-1;2;Motociclo a solo;In marcia / fermata / arresto;Conducente;M;Illeso;0;;Non accertato;Inesistente
1696680;7;04/10/2006 18:50;Strada Urbana;VIA DAVIDE CAMPARI;in prossimità;;del civico n. ;192;;Tamponamento;Rettilineo;Una carreggiata a doppio senso;Asciutto;Asfaltata;Orizzontale;Sereno;Normale;Sufficiente;Ore Diurne;0;0;0;2;;;-1;1;Autovettura privata;In marcia / fermata / arresto;Conducente;F;Illeso;0;;Non accertato;Inesploso
1696680;7;04/10/2006 18:50;Strada Urbana;VIA DAVIDE CAMPARI;in prossimità;;del civico n. ;192;;Tamponamento;Rettilineo;Una carreggiata a doppio senso;Asciutto;Asfaltata;Orizzontale;Sereno;Normale;Sufficiente;Ore Diurne;0;0;0;2;;;-1;2;Autovettura privata;In marcia / fermata / arresto;Conducente;F;Illeso;0;;Non accertato;Inesploso
1696682;7;04/10/2006 23:20;Strada Urbana;VIA COLLATINA;in corrispondenza;;del civico n. ;217;;Scontro frontale fra veicoli in marcia;Rettilineo;Una carreggiata a doppio senso;Asciutto;Asfaltata;Verticale ed orizzontale;Nuvoloso;Normale;Buona;Sufficiente;1;0;0;2;;;-1;1;Autovettura privata;In marcia / fermata / arresto;Conducente;M;Illeso;0;;Non accertato;Inesistente
1696682;7;04/10/2006 23:20;Strada Urbana;VIA COLLATINA;in corrispondenza;;del civico n. ;217;;Scontro frontale fra veicoli in marcia;Rettilineo;Una carreggiata a doppio senso;Asciutto;Asfaltata;Verticale ed orizzontale;Nuvoloso;Normale;Buona;Sufficiente;1;0;0;2;;;-1;2;Autovettura privata;In marcia / fermata / arresto;Conducente;M;Rimandato;0;NON DECEDUTO;Non accertato;Esploso
1696682;7;04/10/2006 23:20;Strada Urbana;VIA COLLATINA;in corrispondenza;;del civico n. ;217;;Scontro frontale fra veicoli in marcia;Rettilineo;Una carreggiata a doppio senso;Asciutto;Asfaltata;Verticale ed orizzontale;Nuvoloso;Normale;Buona;Sufficiente;1;0;0;2;;;-1;3;Autovettura privata;In marcia / fermata / arresto;Conducente;M;Illeso;0;;Non accertato;Inesistente
1696683;7;05/10/2006 04:35;Strada Urbana;VIA CASILINA;in prossimità;;del civico n. ;930;;Scontro frontale/laterale DX fra veicoli in marcia;Rettilineo;Due carreggiate;Asciutto;Asfaltata;Orizzontale;Nuvoloso;Scarso;Buona;Sufficiente;4;0;0;0;;;-1;2;Autovettura di polizia;In marcia / fermata / arresto;Conducente;M;Rimandato;0;NON DECEDUTO;Esente;Inesploso
1696683;7;05/10/2006 04:35;Strada Urbana;VIA CASILINA;in prossimità;;del civico n. ;930;;Scontro frontale/laterale DX fra veicoli in marcia;Rettilineo;Due carreggiate;Asciutto;Asfaltata;Orizzontale;Nuvoloso;Scarso;Buona;Sufficiente;4;0;0;0;;;-1;2;Autovettura di polizia;In marcia / fermata / arresto;Passeggero;M;Rimandato;0;NON DECEDUTO;Esente;Inesploso
1696683;7;05/10/2006 04:35;Strada Urbana;VIA CASILINA;in prossimità;;del civico n. ;930;;Scontro frontale/laterale DX fra veicoli in marcia;Rettilineo;Due carreggiate;Asciutto;Asfaltata;Orizzontale;Nuvoloso;Scarso;Buona;Sufficiente;4;0;0;0;;;-1;3;Autovettura di polizia;In marcia / fermata / arresto;Conducente;M;Rimandato;0;NON DECEDUTO;Esente;Inesploso
1696683;7;05/10/2006 04:35;Strada Urbana;VIA CASILINA;in prossimità;;del civico n. ;930;;Scontro frontale/laterale DX fra veicoli in marcia;Rettilineo;Due carreggiate;Asciutto;Asfaltata;Orizzontale;Nuvoloso;Scarso;Buona;Sufficiente;4;0;0;0;;;-1;3;Autovettura di polizia;In marcia / fermata / arresto;Passeggero;M;Rimandato;0;NON DECEDUTO;Esente;Inesploso
1696684;8;03/10/2006 13:10;Strada Urbana;VIA MARCANTONIO RAIMONDI;in corrispondenza;;del civico n. ;22;;Veicolo in marcia contro veicolo fermo;Rettilineo;Una carreggiata a senso unico di marcia;Asciutto;Asfaltata;Verticale ed orizzontale;Sereno;Normale;Buona;Ore Diurne;0;0;0;1;;;-1;1;Autovettura privata;In marcia / fermata / arresto;Conducente;F;Illeso;0;;Non accertato;Inesploso
1696685;8;03/10/2006 18:00;Strada Urbana;VIA CASILINA;in prossimità;;del civico n. ;1422;;Scontro laterale fra veicoli in marcia;Rettilineo;Una carreggiata a doppio senso;Asciutto;Asfaltata;Verticale ed orizzontale;Sereno;Normale;Buona;Ore Diurne;1;0;0;2;;;-1;1;Autovettura privata;In marcia / fermata / arresto;Conducente;M;Illeso;0;;Non accertato;Inesploso
1696685;8;03/10/2006 18:00;Strada Urbana;VIA CASILINA;in prossimità;;del civico n. ;1422;;Scontro laterale fra veicoli in marcia;Rettilineo;Una carreggiata a doppio senso;Asciutto;Asfaltata;Verticale ed orizzontale;Sereno;Normale;Buona;Ore Diurne;1;0;0;2;;;-1;1;Autovettura privata;In marcia / fermata / arresto;Passeggero;F;Illeso;0;;Non accertato;Inesploso
1696685;8;03/10/2006 18:00;Strada Urbana;VIA CASILINA;in prossimità;;del civico n. ;1422;;Scontro laterale fra veicoli in marcia;Rettilineo;Una carreggiata a doppio senso;Asciutto;Asfaltata;Verticale ed orizzontale;Sereno;Normale;Buona;Ore Diurne;1;0;0;2;;;-1;2;Motociclo a solo;In marcia / fermata / arresto;Conducente;M;Rimandato;0;NON DECEDUTO;Non accertato;Inesistente
1696686;8;04/10/2006 11:50;Strada Urbana;VIA DI TORRE SPACCATA;all'intersezione semaforizzata con;VIALE DI TORRE MAURA;VIALE DI TORRE MAURA;;;Scontro frontale/laterale DX fra veicoli in marcia;Intersezione semaforizzata;Due carreggiate;Asciutto;Asfaltata;Verticale ed orizzontale;Nuvoloso;Normale;Sufficiente;Ore Diurne;0;0;0;4;;;-1;1;Autovettura privata;In marcia / fermata / arresto;Conducente;M;Illeso;0;;Non accertato;Inesploso
1696686;8;04/10/2006 11:50;Strada Urbana;VIA DI TORRE SPACCATA;all'intersezione semaforizzata con;VIALE DI TORRE MAURA;VIALE DI TORRE MAURA;;;Scontro frontale/laterale DX fra veicoli in marcia;Intersezione semaforizzata;Due carreggiate;Asciutto;Asfaltata;Verticale ed orizzontale;Nuvoloso;Normale;Sufficiente;Ore Diurne;0;0;0;4;;;-1;1;Autovettura privata;In marcia / fermata / arresto;Passeggero;F;Illeso;0;;Non accertato;Inesploso
1696686;8;04/10/2006 11:50;Strada Urbana;VIA DI TORRE SPACCATA;all'intersezione semaforizzata con;VIALE DI TORRE MAURA;VIALE DI TORRE MAURA;;;Scontro frontale/laterale DX fra veicoli in marcia;Intersezione semaforizzata;Due carreggiate;Asciutto;Asfaltata;Verticale ed orizzontale;Nuvoloso;Normale;Sufficiente;Ore Diurne;0;0;0;4;;;-1;2;Autovettura di polizia;In marcia / fermata / arresto;Conducente;M;Illeso;0;;Esente;Inesistente
1696686;8;04/10/2006 11:50;Strada Urbana;VIA DI TORRE SPACCATA;all'intersezione semaforizzata con;VIALE DI TORRE MAURA;VIALE DI TORRE MAURA;;;Scontro frontale/laterale DX fra veicoli in marcia;Intersezione semaforizzata;Due carreggiate;Asciutto;Asfaltata;Verticale ed orizzontale;Nuvoloso;Normale;Sufficiente;Ore Diurne;0;0;0;4;;;-1;2;Autovettura di polizia;In marcia / fermata / arresto;Passeggero;M;Illeso;0;;Esente;Inesistente
1696687;8;04/10/2006 14:30;Strada Urbana;VIA MONOPOLI;all'intersezione con;VIA CEGLIE MESSAPICO;VIA CEGLIE MESSAPICO;;;Tamponamento;Incrocio;Una carreggiata a doppio senso;Asciutto;Asfaltata;Assente;Sereno;Scarso;Buona;Ore Diurne;1;0;0;0;;;-1;1;Autovettura privata;In marcia / fermata / arresto;Conducente;F;Rifiuta cure immediate;0;NON DECEDUTO;Non accertato;Inesploso
1696688;8;04/10/2006 14:35;Strada Urbana;VIALE OXFORD;all'intersezione con;VIA DI TOR VERGATA;VIA DI TOR VERGATA;;;Infortunio per caduta del veicolo;Rotatoria;Una carreggiata a senso unico di marcia;Asciutto;Asfaltata;Orizzontale;Nuvoloso;Normale;Buona;Ore Diurne;1;0;0;0;;;-1;1;Motociclo a solo;In marcia / fermata / arresto;Conducente;M;Rimandato;0;NON DECEDUTO;Non accertato;Inesistente
1696689;8;04/10/2006 16:20;Strada Urbana;VIA CASILINA;in prossimità;;del civico n. ;1910;;Scontro laterale fra veicoli in marcia;Rettilineo;Una carreggiata a doppio senso;Asciutto;Asfaltata;Verticale ed orizzontale;Sereno;Normale;Sufficiente;Ore Diurne;0;0;0;2;;;-1;1;Ciclomotore;In marcia / fermata / arresto;Conducente;M;Illeso;0;;Non accertato;Inesistente
1696689;8;04/10/2006 16:20;Strada Urbana;VIA CASILINA;in prossimità;;del civico n. ;1910;;Scontro laterale fra veicoli in marcia;Rettilineo;Una carreggiata a doppio senso;Asciutto;Asfaltata;Verticale ed orizzontale;Sereno;Normale;Sufficiente;Ore Diurne;0;0;0;2;;;-1;2;Autovettura privata;In marcia / fermata / arresto;Conducente;M;Illeso;0;;Non accertato;Inesistente
1696690;8;04/10/2006 17:00;Strada Urbana;VIA LENTINI;all'intersezione con;VIA BRONTE;VIA BRONTE;;;Scontro laterale fra veicoli in marcia;Incrocio;Una carreggiata a senso unico di marcia;Asciutto;Asfaltata;Verticale ed orizzontale;Sereno;Normale;Sufficiente;Ore Diurne;1;0;0;1;;;-1;1;Autovettura privata;In marcia / fermata / arresto;Conducente;M;Illeso;0;;Non accertato;Inesistente
1696690;8;04/10/2006 17:00;Strada Urbana;VIA LENTINI;all'intersezione con;VIA BRONTE;VIA BRONTE;;;Scontro laterale fra veicoli in marcia;Incrocio;Una carreggiata a senso unico di marcia;Asciutto;Asfaltata;Verticale ed orizzontale;Sereno;Normale;Sufficiente;Ore Diurne;1;0;0;1;;;-1;2;Motociclo a solo;In marcia / fermata / arresto;Conducente;M;Rifiuta cure immediate;0;NON DECEDUTO;Non accertato;Inesistente
1696691;10;04/10/2006 08:45;Strada Urbana;VIALE PALMIRO TOGLIATTI;in prossimità;;del civico n. ;1;;Investimento di pedone;Rettilineo;Due carreggiate;Bagnato (pioggia);Asfaltata;Orizzontale;Pioggia in atto;Normale;Buona;Sufficiente;4;0;0;2;;;-1;;;;Pedone;F;Ricoverato;0;NON DECEDUTO;;
1696691;10;04/10/2006 08:45;Strada Urbana;VIALE PALMIRO TOGLIATTI;in prossimità;;del civico n. ;1;;Investimento di pedone;Rettilineo;Due carreggiate;Bagnato (pioggia);Asfaltata;Orizzontale;Pioggia in atto;Normale;Buona;Sufficiente;4;0;0;2;;;-1;;;;Pedone;F;Rimandato;0;NON DECEDUTO;;
1696691;10;04/10/2006 08:45;Strada Urbana;VIALE PALMIRO TOGLIATTI;in prossimità;;del civico n. ;1;;Investimento di pedone;Rettilineo;Due carreggiate;Bagnato (pioggia);Asfaltata;Orizzontale;Pioggia in atto;Normale;Buona;Sufficiente;4;0;0;2;;;-1;;;;Pedone;F;Ricoverato;0;NON DECEDUTO;;
1696691;10;04/10/2006 08:45;Strada Urbana;VIALE PALMIRO TOGLIATTI;in prossimità;;del civico n. ;1;;Investimento di pedone;Rettilineo;Due carreggiate;Bagnato (pioggia);Asfaltata;Orizzontale;Pioggia in atto;Normale;Buona;Sufficiente;4;0;0;2;;;-1;;;;Pedone;M;Ricoverato;0;NON DECEDUTO;;
1696691;10;04/10/2006 08:45;Strada Urbana;VIALE PALMIRO TOGLIATTI;in prossimità;;del civico n. ;1;;Investimento di pedone;Rettilineo;Due carreggiate;Bagnato (pioggia);Asfaltata;Orizzontale;Pioggia in atto;Normale;Buona;Sufficiente;4;0;0;2;;;-1;1;Autovettura privata;In marcia / fermata / arresto;Conducente;M;Illeso;0;;Non accertato;Inesistente
1696691;10;04/10/2006 08:45;Strada Urbana;VIALE PALMIRO TOGLIATTI;in prossimità;;del civico n. ;1;;Investimento di pedone;Rettilineo;Due carreggiate;Bagnato (pioggia);Asfaltata;Orizzontale;Pioggia in atto;Normale;Buona;Sufficiente;4;0;0;2;;;-1;2;Autovettura privata;In marcia / fermata / arresto;Conducente;F;Illeso;0;;Non accertato;Inesistente
1696692;10;04/10/2006 14:10;Strada Urbana;VIA TUSCOLANA;in prossimità;;del civico n. ;775;;Tamponamento;Rettilineo;Due carreggiate;Asciutto;Asfaltata;Orizzontale;Sereno;Normale;Buona;Ore Diurne;1;0;0;2;;;-1;1;Autocarro inferiore 35 q.;In marcia / fermata / arresto;Conducente;M;Illeso;0;;Non accertato;Inesploso
1696692;10;04/10/2006 14:10;Strada Urbana;VIA TUSCOLANA;in prossimità;;del civico n. ;775;;Tamponamento;Rettilineo;Due carreggiate;Asciutto;Asfaltata;Orizzontale;Sereno;Normale;Buona;Ore Diurne;1;0;0;2;;;-1;1;Autocarro inferiore 35 q.;In marcia / fermata / arresto;Passeggero;M;Illeso;0;;Non accertato;Inesploso
1696692;10;04/10/2006 14:10;Strada Urbana;VIA TUSCOLANA;in prossimità;;del civico n. ;775;;Tamponamento;Rettilineo;Due carreggiate;Asciutto;Asfaltata;Orizzontale;Sereno;Normale;Buona;Ore Diurne;1;0;0;2;;;-1;2;Motociclo a solo;In marcia / fermata / arresto;Conducente;M;Rimandato;0;NON DECEDUTO;Non accertato;Inesistente
1696694;11;03/10/2006 09:00;Strada Urbana;VIA DELL'ALMONE;da specificare;;;;all'altezza di via appia pignatelli;Tamponamento;Rettilineo;Una carreggiata a doppio senso;Asciutto;Asfaltata;Verticale ed orizzontale;Sereno;Normale;Buona;Ore Diurne;0;0;0;2;;;-1;1;Autovettura privata;In marcia / fermata / arresto;Conducente;F;Illeso;0;;Utilizzato;Inesploso
1696694;11;03/10/2006 09:00;Strada Urbana;VIA DELL'ALMONE;da specificare;;;;all'altezza di via appia pignatelli;Tamponamento;Rettilineo;Una carreggiata a doppio senso;Asciutto;Asfaltata;Verticale ed orizzontale;Sereno;Normale;Buona;Ore Diurne;0;0;0;2;;;-1;2;Autovettura privata;In marcia / fermata / arresto;Conducente;F;Illeso;0;;Utilizzato;Inesistente
1696695;11;03/10/2006 11:40;Strada Urbana;VIA DI GROTTA PERFETTA;in prossimità;;del civico n. ;410;;Scontro laterale fra veicoli in marcia;Rettilineo;Una carreggiata a doppio senso;Asciutto;Asfaltata;Verticale ed orizzontale;Sereno;Normale;Buona;Ore Diurne;3;0;0;0;;;-1;1;Autovettura privata;In marcia / fermata / arresto;Conducente;F;Rimandato;0;NON DECEDUTO;Utilizzato;Esploso
1696695;11;03/10/2006 11:40;Strada Urbana;VIA DI GROTTA PERFETTA;in prossimità;;del civico n. ;410;;Scontro laterale fra veicoli in marcia;Rettilineo;Una carreggiata a doppio senso;Asciutto;Asfaltata;Verticale ed orizzontale;Sereno;Normale;Buona;Ore Diurne;3;0;0;0;;;-1;2;Autovettura privata;In marcia / fermata / arresto;Conducente;M;Rifiuta cure immediate;0;NON DECEDUTO;Non accertato;Inesistente
1696695;11;03/10/2006 11:40;Strada Urbana;VIA DI GROTTA PERFETTA;in prossimità;;del civico n. ;410;;Scontro laterale fra veicoli in marcia;Rettilineo;Una carreggiata a doppio senso;Asciutto;Asfaltata;Verticale ed orizzontale;Sereno;Normale;Buona;Ore Diurne;3;0;0;0;;;-1;2;Autovettura privata;In marcia / fermata / arresto;Passeggero;M;Rifiuta cure immediate;0;NON DECEDUTO;Non accertato;Inesistente
1696696;11;03/10/2006 13:05;Strada Urbana;VIA TIBERIO IMPERATORE;da specificare;;;;fronte Capolinea 715;Scontro frontale/laterale DX fra veicoli in marcia;Rettilineo;Una carreggiata a doppio senso;Asciutto;Asfaltata;Orizzontale;Sereno;Scarso;Buona;Ore Diurne;1;0;0;1;;;-1;1;Autovettura privata;In marcia / fermata / arresto;Conducente;M;Illeso;0;;Utilizzato;Inesistente
1696696;11;03/10/2006 13:05;Strada Urbana;VIA TIBERIO IMPERATORE;da specificare;;;;fronte Capolinea 715;Scontro frontale/laterale DX fra veicoli in marcia;Rettilineo;Una carreggiata a doppio senso;Asciutto;Asfaltata;Orizzontale;Sereno;Scarso;Buona;Ore Diurne;1;0;0;1;;;-1;2;Motociclo a solo;In marcia / fermata / arresto;Conducente;M;Ricoverato;0;NON DECEDUTO;Utilizzato;Inesistente
1696697;11;03/10/2006 13:15;Strada Urbana;VIA IGNAZIO PERSICO;all'intersezione con;VIA NICOLO' DA PISTOIA;VIA NICOLO' DA PISTOIA;;;Scontro frontale/laterale DX fra veicoli in marcia;Incrocio;Due carreggiate;Asciutto;Asfaltata;Verticale ed orizzontale;Sereno;Normale;Buona;Ore Diurne;0;0;0;2;;;-1;1;Autovettura privata;In marcia / fermata / arresto;Conducente;M;Illeso;0;;Non accertato;Inesistente
1696697;11;03/10/2006 13:15;Strada Urbana;VIA IGNAZIO PERSICO;all'intersezione con;VIA NICOLO' DA PISTOIA;VIA NICOLO' DA PISTOIA;;;Scontro frontale/laterale DX fra veicoli in marcia;Incrocio;Due carreggiate;Asciutto;Asfaltata;Verticale ed orizzontale;Sereno;Normale;Buona;Ore Diurne;0;0;0;2;;;-1;2;Autoveicolo trasp.promisc.;In marcia / fermata / arresto;Conducente;M;Illeso;0;;Utilizzato;Inesistente
1696698;11;03/10/2006 17:15;Strada Urbana;VIA DI TOR CARBONE;in corrispondenza;;del civico n. ;41;;Scontro frontale/laterale SX fra veicoli in marcia;Rettilineo;Una carreggiata a doppio senso;Asciutto;Asfaltata;Verticale ed orizzontale;Sereno;Normale;Buona;Ore Diurne;0;0;0;2;;;-1;1;Autovettura privata;In marcia / fermata / arresto;Conducente;M;Illeso;0;;Utilizzato;Inesploso
1696698;11;03/10/2006 17:15;Strada Urbana;VIA DI TOR CARBONE;in corrispondenza;;del civico n. ;41;;Scontro frontale/laterale SX fra veicoli in marcia;Rettilineo;Una carreggiata a doppio senso;Asciutto;Asfaltata;Verticale ed orizzontale;Sereno;Normale;Buona;Ore Diurne;0;0;0;2;;;-1;2;Motociclo a solo;In marcia / fermata / arresto;Conducente;M;Illeso;0;;Utilizzato;Inesistente
1696699;11;04/10/2006 09:45;Strada Urbana;VIA CRISTOFORO COLOMBO;da specificare;;;;direzione Eur fronte Fiera di Roma;Veicolo in marcia contro veicolo fermo;Rettilineo;Una carreggiata a senso unico di marcia;Bagnato (pioggia);Asfaltata;Verticale ed orizzontale;Nuvoloso;Scarso;Buona;Ore Diurne;0;0;0;1;;;-1;1;Autovettura privata;In marcia / fermata / arresto;Conducente;M;Illeso;0;;Utilizzato;Inesistente
1696709;12;04/10/2006 14:15;Strada Urbana;VIALE AMERICA;all'intersezione con;VIALE BEETHOVEN;VIALE BEETHOVEN;;;Investimento di pedone;Incrocio;Una carreggiata a doppio senso;Asciutto;Asfaltata;Verticale ed orizzontale;Nuvoloso;Normale;Buona;Ore Diurne;1;0;0;1;;;-1;;;;Pedone;M;Ricoverato;0;NON DECEDUTO;;
1696709;12;04/10/2006 14:15;Strada Urbana;VIALE AMERICA;all'intersezione con;VIALE BEETHOVEN;VIALE BEETHOVEN;;;Investimento di pedone;Incrocio;Una carreggiata a doppio senso;Asciutto;Asfaltata;Verticale ed orizzontale;Nuvoloso;Normale;Buona;Ore Diurne;1;0;0;1;;;-1;1;Autovettura privata;In marcia / fermata / arresto;Conducente;M;Illeso;0;;Utilizzato;Inesistente
1696710;12;04/10/2006 16:20;Strada Urbana;VIA LAURENTINA;da specificare;;;;semaforo pedonale altezza viale dell'Esercito ;Tamponamento Multiplo;Rettilineo;Due carreggiate;Asciutto;Asfaltata;Verticale ed orizzontale;Nuvoloso;Intenso;Buona;Ore Diurne;0;0;0;6;;;-1;1;Autovettura privata;In marcia / fermata / arresto;Conducente;F;Illeso;0;;Utilizzato;Inesistente
1696710;12;04/10/2006 16:20;Strada Urbana;VIA LAURENTINA;da specificare;;;;semaforo pedonale altezza viale dell'Esercito ;Tamponamento Multiplo;Rettilineo;Due carreggiate;Asciutto;Asfaltata;Verticale ed orizzontale;Nuvoloso;Intenso;Buona;Ore Diurne;0;0;0;6;;;-1;2;Autovettura privata;In marcia / fermata / arresto;Conducente;M;Illeso;0;;Utilizzato;Inesistente
1696710;12;04/10/2006 16:20;Strada Urbana;VIA LAURENTINA;da specificare;;;;semaforo pedonale altezza viale dell'Esercito ;Tamponamento Multiplo;Rettilineo;Due carreggiate;Asciutto;Asfaltata;Verticale ed orizzontale;Nuvoloso;Intenso;Buona;Ore Diurne;0;0;0;6;;;-1;3;Autocarro inferiore 35 q.;In marcia / fermata / arresto;Conducente;M;Illeso;0;;Non accertato;Inesistente
1696710;12;04/10/2006 16:20;Strada Urbana;VIA LAURENTINA;da specificare;;;;semaforo pedonale altezza viale dell'Esercito ;Tamponamento Multiplo;Rettilineo;Due carreggiate;Asciutto;Asfaltata;Verticale ed orizzontale;Nuvoloso;Intenso;Buona;Ore Diurne;0;0;0;6;;;-1;3;Autocarro inferiore 35 q.;In marcia / fermata / arresto;Passeggero;M;Illeso;0;;Utilizzato;Inesistente
1696710;12;04/10/2006 16:20;Strada Urbana;VIA LAURENTINA;da specificare;;;;semaforo pedonale altezza viale dell'Esercito ;Tamponamento Multiplo;Rettilineo;Due carreggiate;Asciutto;Asfaltata;Verticale ed orizzontale;Nuvoloso;Intenso;Buona;Ore Diurne;0;0;0;6;;;-1;3;Autocarro inferiore 35 q.;In marcia / fermata / arresto;Passeggero;M;Illeso;0;;Utilizzato;Inesistente
1696711;13;04/10/2006 08:25;Strada Urbana;LUNGOMARE LUTAZIO CATULO;all'intersezione semaforizzata con;VIA UGOLINO VIVALDI;VIA UGOLINO VIVALDI;;;Scontro frontale/laterale DX fra veicoli in marcia;Intersezione semaforizzata;Due carreggiate;Bagnato (pioggia);Asfaltata;Verticale ed orizzontale;Nuvoloso;Normale;Buona;Ore Diurne;4;0;0;4;;;-1;1;Autovettura privata;In marcia / fermata / arresto;Conducente;M;Illeso;0;;Non accertato;Inesistente
1696711;13;04/10/2006 08:25;Strada Urbana;LUNGOMARE LUTAZIO CATULO;all'intersezione semaforizzata con;VIA UGOLINO VIVALDI;VIA UGOLINO VIVALDI;;;Scontro frontale/laterale DX fra veicoli in marcia;Intersezione semaforizzata;Due carreggiate;Bagnato (pioggia);Asfaltata;Verticale ed orizzontale;Nuvoloso;Normale;Buona;Ore Diurne;4;0;0;4;;;-1;1;Autovettura privata;In marcia / fermata / arresto;Passeggero;F;Illeso;0;;Non accertato;Inesistente
1696711;13;04/10/2006 08:25;Strada Urbana;LUNGOMARE LUTAZIO CATULO;all'intersezione semaforizzata con;VIA UGOLINO VIVALDI;VIA UGOLINO VIVALDI;;;Scontro frontale/laterale DX fra veicoli in marcia;Intersezione semaforizzata;Due carreggiate;Bagnato (pioggia);Asfaltata;Verticale ed orizzontale;Nuvoloso;Normale;Buona;Ore Diurne;4;0;0;4;;;-1;1;Autovettura privata;In marcia / fermata / arresto;Passeggero;F;Illeso;0;;Non accertato;Inesistente