Protocollo;Gruppo;DataOraIncidente;Localizzazione1;STRADA1;Localizzazione2;STRADA2;Strada02;Chilometrica;DaSpecificare;NaturaIncidente;particolaritastrade;TipoStrada;FondoStradale;Pavimentazione;Segnaletica;CondizioneAtmosferica;Traffico;Visibilita;Illuminazione;NUM_FERITI;NUM_RISERVATA;NUM_MORTI;NUM_ILLESI;Longitudine;Latitudine;Confermato;Progressivo;TipoVeicolo;StatoVeicolo;TipoPersona;Sesso;Tipolesione;Deceduto;DecedutoDopo;CinturaCascoUtilizzato;Airbag
1697300;8;09/10/2006 11:30;Strada Urbana;VIA MONTAGNAREALE;all'intersezione con;VIA AVOLA;VIA AVOLA;;;Scontro laterale fra veicoli in marcia;Incrocio;Una carreggiata a doppio senso;Asciutto;Asfaltata;Verticale ed orizzontale;Sereno;Normale;Sufficiente;Ore Diurne;1;0;0;0;;;-1;1;Autovettura privata;In marcia / fermata / arresto;Conducente;M;Rifiuta cure immediate;0;NON DECEDUTO;Non accertato;Inesistente
1697301;8;09/10/2006 12:30;Strada Urbana;VIA SAN BIAGIO PLATANI;all'intersezione con;VIA ARAGONA;VIA ARAGONA;;;Veicolo in marcia contro veicolo fermo;Incrocio;Una carreggiata a senso unico di marcia;Asciutto;Asfaltata;Verticale ed orizzontale;Sereno;Scarso;Buona;Ore Diurne;0;0;0;1;;;-1;2;Autoarticolato;In marcia / fermata / arresto;Conducente;M;Illeso;0;;Non accertato;Inesistente
1697302;8;09/10/2006 14:00;Statale entro l'abitato;VIA CASILINA;in corrispondenza;;del civico n. ;1368;;Scontro frontale/laterale DX fra veicoli in marcia;Rettilineo;Una carreggiata a doppio senso;Asciutto;Asfaltata;Verticale ed orizzontale;Sereno;Normale;Buona;Ore Diurne;1;0;0;1;;;-1;1;Autovettura privata;In marcia / fermata / arresto;Conducente;M;Illeso;0;;Non accertato;Inesistente
1697302;8;09/10/2006 14:00;Statale entro l'abitato;VIA CASILINA;in corrispondenza;;del civico n. ;1368;;Scontro frontale/laterale DX fra veicoli in marcia;Rettilineo;Una carreggiata a doppio senso;Asciutto;Asfaltata;Verticale ed orizzontale;Sereno;Normale;Buona;Ore Diurne;1;0;0;1;;;-1;2;Motociclo a solo;In marcia / fermata / arresto;Conducente;M;Ricoverato;0;NON DECEDUTO;Non accertato;Inesistente
1697303;8;09/10/2006 19:15;Strada Urbana;VIA COLUMBIA;all'intersezione con;VIA DEL POLITECNICO;VIA DEL POLITECNICO;;;Scontro laterale fra veicoli in marcia;Incrocio;Una carreggiata a doppio senso;Asciutto;Asfaltata;Verticale ed orizzontale;Sereno;Scarso;Sufficiente;Inesistente;2;0;0;1;;;-1;1;Autovettura privata;In marcia / fermata / arresto;Conducente;M;Illeso;0;;Non accertato;Inesistente
1697303;8;09/10/2006 19:15;Strada Urbana;VIA COLUMBIA;all'intersezione con;VIA DEL POLITECNICO;VIA DEL POLITECNICO;;;Scontro laterale fra veicoli in marcia;Incrocio;Una carreggiata a doppio senso;Asciutto;Asfaltata;Verticale ed orizzontale;Sereno;Scarso;Sufficiente;Inesistente;2;0;0;1;;;-1;2;Ciclomotore;In marcia / fermata / arresto;Conducente;M;Rimandato;0;NON DECEDUTO;Non accertato;Inesistente
1697303;8;09/10/2006 19:15;Strada Urbana;VIA COLUMBIA;all'intersezione con;VIA DEL POLITECNICO;VIA DEL POLITECNICO;;;Scontro laterale fra veicoli in marcia;Incrocio;Una carreggiata a doppio senso;Asciutto;Asfaltata;Verticale ed orizzontale;Sereno;Scarso;Sufficiente;Inesistente;2;0;0;1;;;-1;2;Ciclomotore;In marcia / fermata / arresto;Passeggero;F;Ricoverato;0;NON DECEDUTO;Non accertato;Inesistente
1697304;8;09/10/2006 20:20;Strada Urbana;VIA DI TOR BELLA MONACA;da specificare;;;;ALT. SVINCOLO VIA A. ASPERTINI DIR. CASILINA;Veicolo in marcia contro ostacolo accidentale;Rettilineo;Due carreggiate;Asciutto;Con buche;Verticale ed orizzontale;Sereno;Normale;Buona;Sufficiente;0;0;0;1;;;-1;1;Autovettura privata;In marcia / fermata / arresto;Conducente;M;Illeso;0;;Non accertato;Inesploso
1697305;8;09/10/2006 20:20;Strada Urbana;VIA DI TOR BELLA MONACA;da specificare;;;;ALTEZZA SVINCOLO VIA A. ASPERTINI DIR. ROMA;Veicolo in marcia contro ostacolo accidentale;Rettilineo;Due carreggiate;Asciutto;Con buche;Verticale ed orizzontale;Sereno;Normale;Buona;Sufficiente;0;0;0;2;;;-1;1;Autovettura privata;In marcia / fermata / arresto;Conducente;M;Illeso;0;;Non accertato;Inesploso
1697305;8;09/10/2006 20:20;Strada Urbana;VIA DI TOR BELLA MONACA;da specificare;;;;ALTEZZA SVINCOLO VIA A. ASPERTINI DIR. ROMA;Veicolo in marcia contro ostacolo accidentale;Rettilineo;Due carreggiate;Asciutto;Con buche;Verticale ed orizzontale;Sereno;Normale;Buona;Sufficiente;0;0;0;2;;;-1;1;Autovettura privata;In marcia / fermata / arresto;Passeggero;F;Illeso;0;;Non accertato;Inesploso
1697306;8;09/10/2006 20:20;Strada Urbana;VIA DI TOR BELLA MONACA;da specificare;;;;ALT. SVINCOLO VIA A. ASPERTINI DIR. ROMA;Veicolo in marcia contro ostacolo accidentale;Rettilineo;Due carreggiate;Asciutto;Con buche;Verticale ed orizzontale;Sereno;Normale;Buona;Sufficiente;1;0;0;3;;;-1;1;Autovettura privata;In marcia / fermata / arresto;Conducente;M;Rifiuta cure immediate;0;NON DECEDUTO;Non accertato;Inesploso
1697306;8;09/10/2006 20:20;Strada Urbana;VIA DI TOR BELLA MONACA;da specificare;;;;ALT. SVINCOLO VIA A. ASPERTINI DIR. ROMA;Veicolo in marcia contro ostacolo accidentale;Rettilineo;Due carreggiate;Asciutto;Con buche;Verticale ed orizzontale;Sereno;Normale;Buona;Sufficiente;1;0;0;3;;;-1;1;Autovettura privata;In marcia / fermata / arresto;Passeggero;F;Illeso;0;;Non accertato;Inesistente
1697306;8;09/10/2006 20:20;Strada Urbana;VIA DI TOR BELLA MONACA;da specificare;;;;ALT. SVINCOLO VIA A. ASPERTINI DIR. ROMA;Veicolo in marcia contro ostacolo accidentale;Rettilineo;Due carreggiate;Asciutto;Con buche;Verticale ed orizzontale;Sereno;Normale;Buona;Sufficiente;1;0;0;3;;;-1;1;Autovettura privata;In marcia / fermata / arresto;Passeggero;M;Illeso;0;;Non accertato;Inesistente
1697306;8;09/10/2006 20:20;Strada Urbana;VIA DI TOR BELLA MONACA;da specificare;;;;ALT. SVINCOLO VIA A. ASPERTINI DIR. ROMA;Veicolo in marcia contro ostacolo accidentale;Rettilineo;Due carreggiate;Asciutto;Con buche;Verticale ed orizzontale;Sereno;Normale;Buona;Sufficiente;1;0;0;3;;;-1;1;Autovettura privata;In marcia / fermata / arresto;Passeggero;F;Illeso;0;;Non accertato;Inesploso
1697307;8;09/10/2006 20:50;Strada Urbana;VIA CASILINA;in prossimità;;del civico n. ;1806;;Scontro frontale/laterale SX fra veicoli in marcia;Rettilineo;Una carreggiata a doppio senso;Asciutto;Asfaltata;Verticale ed orizzontale;Sereno;Normale;Buona;Sufficiente;2;0;0;0;;;-1;1;Autovettura privata;In marcia / fermata / arresto;Conducente;M;Rifiuta cure immediate;0;NON DECEDUTO;Non accertato;Inesistente
1697307;8;09/10/2006 20:50;Strada Urbana;VIA CASILINA;in prossimità;;del civico n. ;1806;;Scontro frontale/laterale SX fra veicoli in marcia;Rettilineo;Una carreggiata a doppio senso;Asciutto;Asfaltata;Verticale ed orizzontale;Sereno;Normale;Buona;Sufficiente;2;0;0;0;;;-1;2;Autovettura privata;In marcia / fermata / arresto;Conducente;M;Rimandato;0;NON DECEDUTO;Non accertato;Inesistente
1697308;8;09/10/2006 22:50;Strada Urbana;VIA DEL FOSSO DI S. MAURA;all'intersezione semaforizzata con;VIALE DI TORRE MAURA;VIALE DI TORRE MAURA;;;Scontro frontale/laterale SX fra veicoli in marcia;Incrocio;Una carreggiata a doppio senso;Asciutto;Asfaltata;Verticale ed orizzontale;Sereno;Normale;Buona;Sufficiente;2;0;0;0;;;-1;1;Autovettura privata;In marcia / fermata / arresto;Conducente;F;Rifiuta cure immediate;0;NON DECEDUTO;Non utilizzato;Inesistente
1697308;8;09/10/2006 22:50;Strada Urbana;VIA DEL FOSSO DI S. MAURA;all'intersezione semaforizzata con;VIALE DI TORRE MAURA;VIALE DI TORRE MAURA;;;Scontro frontale/laterale SX fra veicoli in marcia;Incrocio;Una carreggiata a doppio senso;Asciutto;Asfaltata;Verticale ed orizzontale;Sereno;Normale;Buona;Sufficiente;2;0;0;0;;;-1;2;Autovettura privata;In marcia / fermata / arresto;Conducente;M;Rifiuta cure immediate;0;NON DECEDUTO;Non accertato;Inesistente
1697309;9;09/10/2006 07:20;Strada Urbana;VIA CUTILIA;all'intersezione con;VIA IMERA;VIA IMERA;;;Scontro frontale/laterale SX fra veicoli in marcia;Incrocio;Una carreggiata a senso unico di marcia;Asciutto;Asfaltata;Verticale ed orizzontale;Sereno;Normale;Buona;Ore Diurne;1;0;0;1;;;-1;1;Autovettura privata;In marcia / fermata / arresto;Conducente;M;Illeso;0;;Non accertato;Inesistente
1697309;9;09/10/2006 07:20;Strada Urbana;VIA CUTILIA;all'intersezione con;VIA IMERA;VIA IMERA;;;Scontro frontale/laterale SX fra veicoli in marcia;Incrocio;Una carreggiata a senso unico di marcia;Asciutto;Asfaltata;Verticale ed orizzontale;Sereno;Normale;Buona;Ore Diurne;1;0;0;1;;;-1;2;Motociclo con passeggero;In marcia / fermata / arresto;Conducente;M;Rimandato;0;NON DECEDUTO;Non accertato;Inesistente
1697310;9;09/10/2006 08:40;Strada Urbana;VIA MONZA;in prossimità;;del civico n. ;2/A;;Scontro frontale/laterale SX fra veicoli in marcia;Rettilineo;Una carreggiata a doppio senso;Asciutto;Asfaltata;Orizzontale;Sereno;Intenso;Buona;Ore Diurne;1;0;0;1;;;-1;1;Autovettura privata;In marcia / fermata / arresto;Conducente;M;Illeso;0;;Non accertato;Inesploso
1697310;9;09/10/2006 08:40;Strada Urbana;VIA MONZA;in prossimità;;del civico n. ;2/A;;Scontro frontale/laterale SX fra veicoli in marcia;Rettilineo;Una carreggiata a doppio senso;Asciutto;Asfaltata;Orizzontale;Sereno;Intenso;Buona;Ore Diurne;1;0;0;1;;;-1;2;Ciclomotore;In marcia / fermata / arresto;Conducente;F;Rimandato;0;NON DECEDUTO;Non accertato;Inesistente
1697311;9;09/10/2006 16:15;Strada Urbana;VIA SIRIA;in corrispondenza;;del civico n. ;50;;Tamponamento;Rettilineo;Una carreggiata a doppio senso;Viscido da liquidi oleosi;Asfaltata;Verticale ed orizzontale;Sereno;Intenso;Buona;Ore Diurne;0;0;0;2;;;-1;1;Autovettura privata;In marcia / fermata / arresto;Conducente;M;Illeso;0;;Non accertato;Inesploso
1697311;9;09/10/2006 16:15;Strada Urbana;VIA SIRIA;in corrispondenza;;del civico n. ;50;;Tamponamento;Rettilineo;Una carreggiata a doppio senso;Viscido da liquidi oleosi;Asfaltata;Verticale ed orizzontale;Sereno;Intenso;Buona;Ore Diurne;0;0;0;2;;;-1;2;Autovettura privata;In marcia / fermata / arresto;Conducente;M;Illeso;0;;Non accertato;Inesploso
1697312;9;09/10/2006 18:30;Strada Urbana;PIAZZA RAGUSA;all'intersezione con;VIA VERBANIA;VIA VERBANIA;;;Scontro laterale fra veicoli in marcia;Incrocio;Una carreggiata a senso unico di marcia;Asciutto;Asfaltata;Orizzontale;Sereno;Intenso;Buona;Sufficiente;0;0;0;3;;;-1;1;Autovettura privata;In marcia / fermata / arresto;Conducente;M;Illeso;0;;Non accertato;Inesploso
1697312;9;09/10/2006 18:30;Strada Urbana;PIAZZA RAGUSA;all'intersezione con;VIA VERBANIA;VIA VERBANIA;;;Scontro laterale fra veicoli in marcia;Incrocio;Una carreggiata a senso unico di marcia;Asciutto;Asfaltata;Orizzontale;Sereno;Intenso;Buona;Sufficiente;0;0;0;3;;;-1;1;Autovettura privata;In marcia / fermata / arresto;Passeggero;F;Illeso;0;;Non accertato;Inesploso
1697312;9;09/10/2006 18:30;Strada Urbana;PIAZZA RAGUSA;all'intersezione con;VIA VERBANIA;VIA VERBANIA;;;Scontro laterale fra veicoli in marcia;Incrocio;Una carreggiata a senso unico di marcia;Asciutto;Asfaltata;Orizzontale;Sereno;Intenso;Buona;Sufficiente;0;0;0;3;;;-1;2;Autovettura privata;In marcia / fermata / arresto;Conducente;M;Illeso;0;;Non accertato;Inesploso
1697313;9;09/10/2006 19:15;Strada Urbana;PIAZZA CAMERINO;all'intersezione semaforizzata con;VIA LA SPEZIA;VIA LA SPEZIA;;;Scontro laterale fra veicoli in marcia;Intersezione semaforizzata;Una carreggiata a senso unico di marcia;Asciutto;Asfaltata;Verticale ed orizzontale;Sereno;Normale;Buona;Sufficiente;0;0;0;2;;;-1;1;Motociclo con passeggero;In marcia / fermata / arresto;Conducente;M;Illeso;0;;Non accertato;Inesistente
1697313;9;09/10/2006 19:15;Strada Urbana;PIAZZA CAMERINO;all'intersezione semaforizzata con;VIA LA SPEZIA;VIA LA SPEZIA;;;Scontro laterale fra veicoli in marcia;Intersezione semaforizzata;Una carreggiata a senso unico di marcia;Asciutto;Asfaltata;Verticale ed orizzontale;Sereno;Normale;Buona;Sufficiente;0;0;0;2;;;-1;2;Motociclo con passeggero;In marcia / fermata / arresto;Conducente;M;Illeso;0;;Non accertato;Inesistente
1697314;9;09/10/2006 22:45;Strada Urbana;VIA TUSCOLANA;in corrispondenza;;del civico n. ;494;;Scontro laterale fra veicoli in marcia;Rettilineo;Una carreggiata a senso unico di marcia;Asciutto;Asfaltata;Assente;Sereno;Scarso;Sufficiente;Sufficiente;1;0;0;4;;;-1;1;Autovettura privata;In marcia / fermata / arresto;Conducente;F;Illeso;0;;Non accertato;Inesploso
1697314;9;09/10/2006 22:45;Strada Urbana;VIA TUSCOLANA;in corrispondenza;;del civico n. ;494;;Scontro laterale fra veicoli in marcia;Rettilineo;Una carreggiata a senso unico di marcia;Asciutto;Asfaltata;Assente;Sereno;Scarso;Sufficiente;Sufficiente;1;0;0;4;;;-1;1;Autovettura privata;In marcia / fermata / arresto;Passeggero;M;Illeso;0;;Non accertato;Inesploso
1697314;9;09/10/2006 22:45;Strada Urbana;VIA TUSCOLANA;in corrispondenza;;del civico n. ;494;;Scontro laterale fra veicoli in marcia;Rettilineo;Una carreggiata a senso unico di marcia;Asciutto;Asfaltata;Assente;Sereno;Scarso;Sufficiente;Sufficiente;1;0;0;4;;;-1;1;Autovettura privata;In marcia / fermata / arresto;Passeggero;M;Illeso;0;;Non accertato;Inesistente
1697314;9;09/10/2006 22:45;Strada Urbana;VIA TUSCOLANA;in corrispondenza;;del civico n. ;494;;Scontro laterale fra veicoli in marcia;Rettilineo;Una carreggiata a senso unico di marcia;Asciutto;Asfaltata;Assente;Sereno;Scarso;Sufficiente;Sufficiente;1;0;0;4;;;-1;1;Autovettura privata;In marcia / fermata / arresto;Passeggero;M;Illeso;0;;Non accertato;Inesistente
1697314;9;09/10/2006 22:45;Strada Urbana;VIA TUSCOLANA;in corrispondenza;;del civico n. ;494;;Scontro laterale fra veicoli in marcia;Rettilineo;Una carreggiata a senso unico di marcia;Asciutto;Asfaltata;Assente;Sereno;Scarso;Sufficiente;Sufficiente;1;0;0;4;;;-1;2;Motociclo a solo;In marcia / fermata / arresto;Conducente;M;Rimandato;0;NON DECEDUTO;Utilizzato;Inesistente
1697315;1;06/10/2006 10:35;Strada Urbana;VIA UMBERTO BIANCAMANO;all'intersezione con;VIA FEDERICO MENABREA;VIA FEDERICO MENABREA;;;Scontro frontale/laterale DX fra veicoli in marcia;Incrocio;Una carreggiata a senso unico di marcia;Asciutto;Asfaltata;Assente;Sereno;Normale;Buona;Ore Diurne;0;0;0;2;;;-1;1;Autovettura privata;In marcia / fermata / arresto;Conducente;F;Illeso;0;;Non accertato;Inesistente
1697315;1;06/10/2006 10:35;Strada Urbana;VIA UMBERTO BIANCAMANO;all'intersezione con;VIA FEDERICO MENABREA;VIA FEDERICO MENABREA;;;Scontro frontale/laterale DX fra veicoli in marcia;Incrocio;Una carreggiata a senso unico di marcia;Asciutto;Asfaltata;Assente;Sereno;Normale;Buona;Ore Diurne;0;0;0;2;;;-1;2;Autocarro inferiore 35 q.;In marcia / fermata / arresto;Conducente;M;Illeso;0;;Non accertato;Inesistente
1697316;1;06/10/2006 13:15;Strada Urbana;VIA UMBERTO BIANCAMANO;all'intersezione con;VIA FEDERICO MENABREA;VIA FEDERICO MENABREA;;;Scontro frontale/laterale DX fra veicoli in marcia;Incrocio;Una carreggiata a senso unico di marcia;Asciutto;Asfaltata;Assente;Sereno;Normale;Buona;Ore Diurne;0;0;0;2;;;-1;1;Autovettura privata;In marcia / fermata / arresto;Conducente;M;Illeso;0;;Utilizzato;Inesploso
1697316;1;06/10/2006 13:15;Strada Urbana;VIA UMBERTO BIANCAMANO;all'intersezione con;VIA FEDERICO MENABREA;VIA FEDERICO MENABREA;;;Scontro frontale/laterale DX fra veicoli in marcia;Incrocio;Una carreggiata a senso unico di marcia;Asciutto;Asfaltata;Assente;Sereno;Normale;Buona;Ore Diurne;0;0;0;2;;;-1;2;Autovettura privata;In marcia / fermata / arresto;Conducente;M;Illeso;0;;Non accertato;Inesistente
1697318;1;09/10/2006 09:10;Strada Urbana;VIALE GABRIELE D'ANNUNZIO;da specificare;;;;TRA IL PALO ACEA N.33 E 34;Scontro frontale/laterale SX fra veicoli in marcia;Rettilineo;Una carreggiata a senso unico di marcia;Asciutto;Asfaltata;Assente;Sereno;Normale;Buona;Ore Diurne;1;0;0;1;;;-1;1;Ciclomotore;In marcia / fermata / arresto;Conducente;F;Rifiuta cure immediate;0;NON DECEDUTO;Non accertato;Inesistente
1697318;1;09/10/2006 09:10;Strada Urbana;VIALE GABRIELE D'ANNUNZIO;da specificare;;;;TRA IL PALO ACEA N.33 E 34;Scontro frontale/laterale SX fra veicoli in marcia;Rettilineo;Una carreggiata a senso unico di marcia;Asciutto;Asfaltata;Assente;Sereno;Normale;Buona;Ore Diurne;1;0;0;1;;;-1;2;Autovettura privata;In marcia / fermata / arresto;Conducente;M;Illeso;0;;Non accertato;Inesistente
1697320;1;09/10/2006 10:55;Strada Urbana;VIA DI S. CROCE IN GERUSALEMME;all'intersezione semaforizzata con;VIA STATILIA;VIA STATILIA;;;Investimento di pedone;Intersezione semaforizzata;Una carreggiata a doppio senso;Asciutto;Acciotolata;Verticale ed orizzontale;Sereno;Normale;Buona;Ore Diurne;1;0;0;1;;;-1;;;;Pedone;F;Ricoverato;0;NON DECEDUTO;;
1697320;1;09/10/2006 10:55;Strada Urbana;VIA DI S. CROCE IN GERUSALEMME;all'intersezione semaforizzata con;VIA STATILIA;VIA STATILIA;;;Investimento di pedone;Intersezione semaforizzata;Una carreggiata a doppio senso;Asciutto;Acciotolata;Verticale ed orizzontale;Sereno;Normale;Buona;Ore Diurne;1;0;0;1;;;-1;1;Autovettura privata;In marcia / fermata / arresto;Conducente;F;Illeso;0;;Non accertato;Inesistente
1697321;1;09/10/2006 11:50;Strada Urbana;VIA SOLFERINO;all'intersezione con;PIAZZA DELL'INDIPENDENZA;PIAZZA DELL'INDIPENDENZA;;;Scontro laterale fra veicoli in marcia;Incrocio;Una carreggiata a senso unico di marcia;Asciutto;Asfaltata;Orizzontale;Sereno;Intenso;Buona;Ore Diurne;3;0;0;2;;;-1;1;Autovettura pubblica;In marcia / fermata / arresto;Conducente;M;Rifiuta cure immediate;0;NON DECEDUTO;Utilizzato;Inesploso
1697321;1;09/10/2006 11:50;Strada Urbana;VIA SOLFERINO;all'intersezione con;PIAZZA DELL'INDIPENDENZA;PIAZZA DELL'INDIPENDENZA;;;Scontro laterale fra veicoli in marcia;Incrocio;Una carreggiata a senso unico di marcia;Asciutto;Asfaltata;Orizzontale;Sereno;Intenso;Buona;Ore Diurne;3;0;0;2;;;-1;1;Autovettura pubblica;In marcia / fermata / arresto;Passeggero;F;Rimandato;0;NON DECEDUTO;Non accertato;Inesistente
1697321;1;09/10/2006 11:50;Strada Urbana;VIA SOLFERINO;all'intersezione con;PIAZZA DELL'INDIPENDENZA;PIAZZA DELL'INDIPENDENZA;;;Scontro laterale fra veicoli in marcia;Incrocio;Una carreggiata a senso unico di marcia;Asciutto;Asfaltata;Orizzontale;Sereno;Intenso;Buona;Ore Diurne;3;0;0;2;;;-1;1;Autovettura pubblica;In marcia / fermata / arresto;Passeggero;F;Rimandato;0;NON DECEDUTO;Non accertato;Inesistente
1697321;1;09/10/2006 11:50;Strada Urbana;VIA SOLFERINO;all'intersezione con;PIAZZA DELL'INDIPENDENZA;PIAZZA DELL'INDIPENDENZA;;;Scontro laterale fra veicoli in marcia;Incrocio;Una carreggiata a senso unico di marcia;Asciutto;Asfaltata;Orizzontale;Sereno;Intenso;Buona;Ore Diurne;3;0;0;2;;;-1;2;Autovettura privata;In marcia / fermata / arresto;Conducente;M;Illeso;0;;Utilizzato;Inesploso
1697321;1;09/10/2006 11:50;Strada Urbana;VIA SOLFERINO;all'intersezione con;PIAZZA DELL'INDIPENDENZA;PIAZZA DELL'INDIPENDENZA;;;Scontro laterale fra veicoli in marcia;Incrocio;Una carreggiata a senso unico di marcia;Asciutto;Asfaltata;Orizzontale;Sereno;Intenso;Buona;Ore Diurne;3;0;0;2;;;-1;2;Autovettura privata;In marcia / fermata / arresto;Passeggero;M;Illeso;0;;Utilizzato;Inesploso
1697323;1;09/10/2006 18:30;Strada Urbana;LUNGOTEVERE TESTACCIO;da specificare;;;;PROSSIMITA' VIA TORRICELI;Tamponamento;Rettilineo;Una carreggiata a doppio senso;Asciutto;Asfaltata;Verticale ed orizzontale;Sereno;Normale;Buona;Sufficiente;0;0;0;3;;;-1;1;Motociclo a solo;In marcia / fermata / arresto;Conducente;M;Illeso;0;;Non accertato;Inesistente
1697323;1;09/10/2006 18:30;Strada Urbana;LUNGOTEVERE TESTACCIO;da specificare;;;;PROSSIMITA' VIA TORRICELI;Tamponamento;Rettilineo;Una carreggiata a doppio senso;Asciutto;Asfaltata;Verticale ed orizzontale;Sereno;Normale;Buona;Sufficiente;0;0;0;3;;;-1;2;Autovettura privata;In marcia / fermata / arresto;Conducente;M;Illeso;0;;Non accertato;Inesistente
1697323;1;09/10/2006 18:30;Strada Urbana;LUNGOTEVERE TESTACCIO;da specificare;;;;PROSSIMITA' VIA TORRICELI;Tamponamento;Rettilineo;Una carreggiata a doppio senso;Asciutto;Asfaltata;Verticale ed orizzontale;Sereno;Normale;Buona;Sufficiente;0;0;0;3;;;-1;3;Autovettura privata;In marcia / fermata / arresto;Conducente;F;Illeso;0;;Non accertato;Inesistente
1697324;1;09/10/2006 18:45;Strada Urbana;VIA SICILIA;all'intersezione con;VIA PUGLIE;VIA PUGLIE;;;Scontro frontale/laterale DX fra veicoli in marcia;Incrocio;Una carreggiata a senso unico di marcia;Asciutto;Asfaltata;Verticale ed orizzontale;Sereno;Scarso;Sufficiente;Ore Diurne;0;0;0;2;;;-1;1;Autovettura privata;In marcia / fermata / arresto;Conducente;M;Illeso;0;;Utilizzato;Inesploso
1697324;1;09/10/2006 18:45;Strada Urbana;VIA SICILIA;all'intersezione con;VIA PUGLIE;VIA PUGLIE;;;Scontro frontale/laterale DX fra veicoli in marcia;Incrocio;Una carreggiata a senso unico di marcia;Asciutto;Asfaltata;Verticale ed orizzontale;Sereno;Scarso;Sufficiente;Ore Diurne;0;0;0;2;;;-1;2;Autovettura privata;In marcia / fermata / arresto;Conducente;F;Illeso;0;;Utilizzato;Inesploso
1697326;2;09/10/2006 19:00;Strada Urbana;VIA BARNABA ORIANI;all'intersezione con;VIA PAOLO FRISI;VIA PAOLO FRISI;;;Scontro frontale/laterale SX fra veicoli in marcia;Incrocio;Una carreggiata a doppio senso;Asciutto;Asfaltata;Verticale ed orizzontale;Sereno;Scarso;Buona;Sufficiente;0;0;0;3;;;-1;1;Autovettura privata;In marcia / fermata / arresto;Conducente;F;Illeso;0;;Non accertato;Inesistente
1697326;2;09/10/2006 19:00;Strada Urbana;VIA BARNABA ORIANI;all'intersezione con;VIA PAOLO FRISI;VIA PAOLO FRISI;;;Scontro frontale/laterale SX fra veicoli in marcia;Incrocio;Una carreggiata a doppio senso;Asciutto;Asfaltata;Verticale ed orizzontale;Sereno;Scarso;Buona;Sufficiente;0;0;0;3;;;-1;2;Autovettura privata;In marcia / fermata / arresto;Conducente;F;Illeso;0;;Non accertato;Inesistente
1697326;2;09/10/2006 19:00;Strada Urbana;VIA BARNABA ORIANI;all'intersezione con;VIA PAOLO FRISI;VIA PAOLO FRISI;;;Scontro frontale/laterale SX fra veicoli in marcia;Incrocio;Una carreggiata a doppio senso;Asciutto;Asfaltata;Verticale ed orizzontale;Sereno;Scarso;Buona;Sufficiente;0;0;0;3;;;-1;2;Autovettura privata;In marcia / fermata / arresto;Passeggero;F;Illeso;0;;Non accertato;Inesistente
1697327;2;10/10/2006 13:00;Strada Urbana;PIAZZA PITAGORA;all'intersezione semaforizzata con;VIA ANTONIO BERTOLONI;VIA ANTONIO BERTOLONI;;;Scontro frontale/laterale DX fra veicoli in marcia;Intersezione semaforizzata;Una carreggiata a doppio senso;Asciutto;Asfaltata;Verticale ed orizzontale;Sereno;Normale;Buona;Ore Diurne;1;0;0;1;;;-1;1;Autovettura privata;In marcia / fermata / arresto;Conducente;M;Illeso;0;;Non accertato;Inesistente
1697327;2;10/10/2006 13:00;Strada Urbana;PIAZZA PITAGORA;all'intersezione semaforizzata con;VIA ANTONIO BERTOLONI;VIA ANTONIO BERTOLONI;;;Scontro frontale/laterale DX fra veicoli in marcia;Intersezione semaforizzata;Una carreggiata a doppio senso;Asciutto;Asfaltata;Verticale ed orizzontale;Sereno;Normale;Buona;Ore Diurne;1;0;0;1;;;-1;2;Motociclo a solo;In marcia / fermata / arresto;Conducente;M;Rifiuta cure immediate;0;NON DECEDUTO;Non accertato;Inesistente
1697328;3;06/10/2006 17:00;Strada Urbana;VIALE DELLO SCALO S. LORENZO;da specificare;;;;prossimità Via di Porta Labicana;Tamponamento;Rettilineo;Più di due carreggiate;Asciutto;Asfaltata;Assente;Sereno;Intenso;Buona;Sufficiente;0;0;0;2;;;-1;1;Autovettura privata;In marcia / fermata / arresto;Conducente;F;Illeso;0;;Non accertato;Inesistente
1697328;3;06/10/2006 17:00;Strada Urbana;VIALE DELLO SCALO S. LORENZO;da specificare;;;;prossimità Via di Porta Labicana;Tamponamento;Rettilineo;Più di due carreggiate;Asciutto;Asfaltata;Assente;Sereno;Intenso;Buona;Sufficiente;0;0;0;2;;;-1;2;Autovettura privata;In marcia / fermata / arresto;Passeggero;M;Illeso;0;;Non utilizzato;Inesistente
1697331;3;09/10/2006 20:30;Strada Urbana;VIA TIBURTINA;da specificare;;;;direz. gra fronte civico 261;Scontro laterale fra veicoli in marcia;Rettilineo;Più di due carreggiate;Asciutto;In cubetti di porfido;Assente;Sereno;Normale;Buona;Sufficiente;0;0;0;2;;;-1;1;Autovettura privata;In marcia / fermata / arresto;Conducente;M;Illeso;0;;Non accertato;Inesistente
1697331;3;09/10/2006 20:30;Strada Urbana;VIA TIBURTINA;da specificare;;;;direz. gra fronte civico 261;Scontro laterale fra veicoli in marcia;Rettilineo;Più di due carreggiate;Asciutto;In cubetti di porfido;Assente;Sereno;Normale;Buona;Sufficiente;0;0;0;2;;;-1;2;Autovettura privata;In marcia / fermata / arresto;Conducente;M;Illeso;0;;Non accertato;Inesistente