Protocollo;Gruppo;DataOraIncidente;Localizzazione1;STRADA1;Localizzazione2;STRADA2;Strada02;Chilometrica;DaSpecificare;NaturaIncidente;particolaritastrade;TipoStrada;FondoStradale;Pavimentazione;Segnaletica;CondizioneAtmosferica;Traffico;Visibilita;Illuminazione;NUM_FERITI;NUM_RISERVATA;NUM_MORTI;NUM_ILLESI;Longitudine;Latitudine;Confermato;Progressivo;TipoVeicolo;StatoVeicolo;TipoPersona;Sesso;Tipolesione;Deceduto;DecedutoDopo;CinturaCascoUtilizzato;Airbag
1697943;13;16/10/2006 07:10;Strada Urbana;VIA ERMANNO WOLF FERRARI;all'intersezione con;VIA ALBERTO FRANCHETTI;VIA ALBERTO FRANCHETTI;;;Scontro frontale/laterale DX fra veicoli in marcia;Incrocio;Una carreggiata a doppio senso;Asciutto;Asfaltata;Verticale;Sereno;Intenso;Buona;Ore Diurne;1;0;0;1;;;-1;2;Motociclo a solo;In marcia / fermata / arresto;Conducente;F;Rimandato;0;NON DECEDUTO;Non accertato;Inesploso
1697944;15;14/10/2006 12:55;Strada Urbana;VIA PORTUENSE;in corrispondenza;;del civico n. ;712;;Scontro laterale fra veicoli in marcia;Rettilineo;Una carreggiata a doppio senso;Asciutto;Asfaltata;Verticale ed orizzontale;Sereno;Intenso;Buona;Ore Diurne;0;0;0;3;;;-1;1;Autovettura privata;In marcia / fermata / arresto;Conducente;F;Illeso;0;;Utilizzato;Inesistente
1697944;15;14/10/2006 12:55;Strada Urbana;VIA PORTUENSE;in corrispondenza;;del civico n. ;712;;Scontro laterale fra veicoli in marcia;Rettilineo;Una carreggiata a doppio senso;Asciutto;Asfaltata;Verticale ed orizzontale;Sereno;Intenso;Buona;Ore Diurne;0;0;0;3;;;-1;1;Autovettura privata;In marcia / fermata / arresto;Passeggero;F;Illeso;0;;Utilizzato;Inesistente
1697944;15;14/10/2006 12:55;Strada Urbana;VIA PORTUENSE;in corrispondenza;;del civico n. ;712;;Scontro laterale fra veicoli in marcia;Rettilineo;Una carreggiata a doppio senso;Asciutto;Asfaltata;Verticale ed orizzontale;Sereno;Intenso;Buona;Ore Diurne;0;0;0;3;;;-1;2;Autovettura privata;In marcia / fermata / arresto;Conducente;M;Illeso;0;;Utilizzato;Inesistente
1697945;15;14/10/2006 14:40;Strada Urbana;VIA DEGLI IRLANDESI;all'intersezione con;VIALE PROSPERO COLONNA;VIALE PROSPERO COLONNA;;;Scontro laterale fra veicoli in marcia;Intersezione stradale segnalata;Una carreggiata a senso unico alternato;Asciutto;Asfaltata;Verticale;Sereno;Scarso;Buona;Ore Diurne;0;0;0;3;;;-1;1;Autovettura privata;In marcia / fermata / arresto;Conducente;F;Illeso;0;;Utilizzato;Inesistente
1697945;15;14/10/2006 14:40;Strada Urbana;VIA DEGLI IRLANDESI;all'intersezione con;VIALE PROSPERO COLONNA;VIALE PROSPERO COLONNA;;;Scontro laterale fra veicoli in marcia;Intersezione stradale segnalata;Una carreggiata a senso unico alternato;Asciutto;Asfaltata;Verticale;Sereno;Scarso;Buona;Ore Diurne;0;0;0;3;;;-1;1;Autovettura privata;In marcia / fermata / arresto;Passeggero;M;Illeso;0;;Utilizzato;Inesistente
1697945;15;14/10/2006 14:40;Strada Urbana;VIA DEGLI IRLANDESI;all'intersezione con;VIALE PROSPERO COLONNA;VIALE PROSPERO COLONNA;;;Scontro laterale fra veicoli in marcia;Intersezione stradale segnalata;Una carreggiata a senso unico alternato;Asciutto;Asfaltata;Verticale;Sereno;Scarso;Buona;Ore Diurne;0;0;0;3;;;-1;2;Autovettura privata;In marcia / fermata / arresto;Conducente;M;Illeso;0;;Utilizzato;Inesistente
1697946;15;14/10/2006 16:00;Strada Urbana;VIA PORTUENSE;in corrispondenza;;del civico n. ;536/A;;Scontro laterale fra veicoli in marcia;Rettilineo;Una carreggiata a doppio senso;Asciutto;Asfaltata;Orizzontale;Sereno;Normale;Buona;Ore Diurne;1;0;0;1;;;-1;1;Autovettura privata;In marcia / fermata / arresto;Conducente;F;Illeso;0;;Non utilizzato;Inesistente
1697946;15;14/10/2006 16:00;Strada Urbana;VIA PORTUENSE;in corrispondenza;;del civico n. ;536/A;;Scontro laterale fra veicoli in marcia;Rettilineo;Una carreggiata a doppio senso;Asciutto;Asfaltata;Orizzontale;Sereno;Normale;Buona;Ore Diurne;1;0;0;1;;;-1;2;Motociclo a solo;In marcia / fermata / arresto;Conducente;M;Rimandato;0;NON DECEDUTO;Utilizzato;Inesistente
1697947;15;14/10/2006 21:00;Strada Urbana;VIA DELLA MAGLIANA;in prossimità;;del civico n. ;38;;Investimento di pedone;Rettilineo;Una carreggiata a doppio senso;Asciutto;Asfaltata;Orizzontale;Sereno;Normale;Buona;Sufficiente;1;0;0;1;;;-1;;;;Pedone;F;Rimandato;0;NON DECEDUTO;;
1697947;15;14/10/2006 21:00;Strada Urbana;VIA DELLA MAGLIANA;in prossimità;;del civico n. ;38;;Investimento di pedone;Rettilineo;Una carreggiata a doppio senso;Asciutto;Asfaltata;Orizzontale;Sereno;Normale;Buona;Sufficiente;1;0;0;1;;;-1;1;Autovettura privata;In marcia / fermata / arresto;Conducente;M;Illeso;0;;Utilizzato;Inesistente
1697948;15;15/10/2006 02:25;Strada Urbana;VIA PORTUENSE;in prossimità;;del civico n. ;251;;Tamponamento;Curva a visuale libera;Una carreggiata a doppio senso;Asciutto;Asfaltata;Assente;Sereno;Scarso;Buona;Sufficiente;1;0;0;5;;;-1;1;Autovettura privata;In marcia / fermata / arresto;Conducente;M;Illeso;0;;Utilizzato;Inesistente
1697948;15;15/10/2006 02:25;Strada Urbana;VIA PORTUENSE;in prossimità;;del civico n. ;251;;Tamponamento;Curva a visuale libera;Una carreggiata a doppio senso;Asciutto;Asfaltata;Assente;Sereno;Scarso;Buona;Sufficiente;1;0;0;5;;;-1;1;Autovettura privata;In marcia / fermata / arresto;Passeggero;F;Rimandato;0;NON DECEDUTO;Utilizzato;Inesistente
1697948;15;15/10/2006 02:25;Strada Urbana;VIA PORTUENSE;in prossimità;;del civico n. ;251;;Tamponamento;Curva a visuale libera;Una carreggiata a doppio senso;Asciutto;Asfaltata;Assente;Sereno;Scarso;Buona;Sufficiente;1;0;0;5;;;-1;1;Autovettura privata;In marcia / fermata / arresto;Passeggero;F;Illeso;0;;Utilizzato;Inesistente
1697948;15;15/10/2006 02:25;Strada Urbana;VIA PORTUENSE;in prossimità;;del civico n. ;251;;Tamponamento;Curva a visuale libera;Una carreggiata a doppio senso;Asciutto;Asfaltata;Assente;Sereno;Scarso;Buona;Sufficiente;1;0;0;5;;;-1;1;Autovettura privata;In marcia / fermata / arresto;Passeggero;F;Illeso;0;;Utilizzato;Inesistente
1697948;15;15/10/2006 02:25;Strada Urbana;VIA PORTUENSE;in prossimità;;del civico n. ;251;;Tamponamento;Curva a visuale libera;Una carreggiata a doppio senso;Asciutto;Asfaltata;Assente;Sereno;Scarso;Buona;Sufficiente;1;0;0;5;;;-1;1;Autovettura privata;In marcia / fermata / arresto;Passeggero;M;Illeso;0;;Utilizzato;Inesistente
1697948;15;15/10/2006 02:25;Strada Urbana;VIA PORTUENSE;in prossimità;;del civico n. ;251;;Tamponamento;Curva a visuale libera;Una carreggiata a doppio senso;Asciutto;Asfaltata;Assente;Sereno;Scarso;Buona;Sufficiente;1;0;0;5;;;-1;2;Autovettura privata;In marcia / fermata / arresto;Conducente;M;Illeso;0;;Utilizzato;Inesistente
1697949;15;15/10/2006 16:30;Strada Urbana;VIA DELLA MAGLIANA;in prossimità;;del civico n. ;303/305;;Tamponamento;Rettilineo;Una carreggiata a doppio senso;Asciutto;Asfaltata;Orizzontale;Sereno;Normale;Buona;Ore Diurne;1;0;0;1;;;-1;1;Motociclo a solo;In marcia / fermata / arresto;Conducente;M;Rimandato;0;NON DECEDUTO;Utilizzato;Inesistente
1697949;15;15/10/2006 16:30;Strada Urbana;VIA DELLA MAGLIANA;in prossimità;;del civico n. ;303/305;;Tamponamento;Rettilineo;Una carreggiata a doppio senso;Asciutto;Asfaltata;Orizzontale;Sereno;Normale;Buona;Ore Diurne;1;0;0;1;;;-1;2;Autovettura privata;In marcia / fermata / arresto;Conducente;M;Illeso;0;;Non accertato;Inesistente
1697950;15;15/10/2006 19:30;Strada Urbana;VIA PORTUENSE;da specificare;;;;PROX. CIVICO 931;Fuoriuscita dalla sede stradale;Curva a visuale libera;Una carreggiata a doppio senso;Asciutto;Asfaltata;Orizzontale;Sereno;Scarso;Sufficiente;Inesistente;2;0;0;0;;;-1;1;Motociclo a solo;In marcia / fermata / arresto;Conducente;M;Ricoverato;0;NON DECEDUTO;Utilizzato;Inesistente
1697950;15;15/10/2006 19:30;Strada Urbana;VIA PORTUENSE;da specificare;;;;PROX. CIVICO 931;Fuoriuscita dalla sede stradale;Curva a visuale libera;Una carreggiata a doppio senso;Asciutto;Asfaltata;Orizzontale;Sereno;Scarso;Sufficiente;Inesistente;2;0;0;0;;;-1;1;Motociclo a solo;In marcia / fermata / arresto;Passeggero;F;Ricoverato;0;NON DECEDUTO;Utilizzato;Inesistente
1697951;15;16/10/2006 03:05;Strada Urbana;LUNGOTEVERE DELLA MAGLIANA;all'intersezione con;VIA DELL'IMPRUNETA;VIA DELL'IMPRUNETA;;;Veicolo in marcia contro veicolo in sosta;Incrocio;Una carreggiata a senso unico di marcia;Asciutto;Asfaltata;Verticale ed orizzontale;Sereno;Scarso;Sufficiente;Sufficiente;0;0;0;2;;;-1;1;Autovettura privata;In marcia / fermata / arresto;Conducente;F;Illeso;0;;Utilizzato;Inesistente
1697951;15;16/10/2006 03:05;Strada Urbana;LUNGOTEVERE DELLA MAGLIANA;all'intersezione con;VIA DELL'IMPRUNETA;VIA DELL'IMPRUNETA;;;Veicolo in marcia contro veicolo in sosta;Incrocio;Una carreggiata a senso unico di marcia;Asciutto;Asfaltata;Verticale ed orizzontale;Sereno;Scarso;Sufficiente;Sufficiente;0;0;0;2;;;-1;1;Autovettura privata;In marcia / fermata / arresto;Passeggero;M;Illeso;0;;Utilizzato;Inesistente
1697952;16;03/10/2006 08:45;Strada Urbana;VIA AURELIA ANTICA;in prossimità;;del civico n. ;286;;Scontro laterale fra veicoli in marcia;Rettilineo;Una carreggiata a doppio senso;Asciutto;Asfaltata;Orizzontale;Sereno;Normale;Buona;Ore Diurne;0;0;0;3;;;-1;1;Autovettura privata;In marcia / fermata / arresto;Conducente;M;Illeso;0;;Non accertato;Inesistente
1697952;16;03/10/2006 08:45;Strada Urbana;VIA AURELIA ANTICA;in prossimità;;del civico n. ;286;;Scontro laterale fra veicoli in marcia;Rettilineo;Una carreggiata a doppio senso;Asciutto;Asfaltata;Orizzontale;Sereno;Normale;Buona;Ore Diurne;0;0;0;3;;;-1;1;Autovettura privata;In marcia / fermata / arresto;Passeggero;F;Illeso;0;;Non accertato;Inesistente
1697952;16;03/10/2006 08:45;Strada Urbana;VIA AURELIA ANTICA;in prossimità;;del civico n. ;286;;Scontro laterale fra veicoli in marcia;Rettilineo;Una carreggiata a doppio senso;Asciutto;Asfaltata;Orizzontale;Sereno;Normale;Buona;Ore Diurne;0;0;0;3;;;-1;2;Autocarro inferiore 35 q.;In marcia / fermata / arresto;Conducente;M;Illeso;0;;Non accertato;Inesistente
1697969;18;16/10/2006 10:20;Strada Urbana;CIRCONVALLAZIONE CORNELIA;in prossimità;;del civico n. ;130;;Ribaltamento senza urto contro ostacolo fisso;Curva senza visuale libera;Una carreggiata a senso unico di marcia;Asciutto;Asfaltata;Verticale ed orizzontale;Sereno;Normale;Buona;Ore Diurne;0;0;0;1;;;-1;1;Motociclo a solo;In marcia / fermata / arresto;Conducente;M;Illeso;0;;Non accertato;Inesistente
1697970;18;16/10/2006 06:45;Strada Urbana;VIA DI BOCCEA;all'intersezione semaforizzata con;VIA DI TORREVECCHIA;VIA DI TORREVECCHIA;;;Scontro frontale fra veicoli in marcia;Intersezione semaforizzata;Due carreggiate;Asciutto;Asfaltata;Verticale ed orizzontale;Sereno;Normale;Sufficiente;Sufficiente;2;0;0;0;;;-1;1;Motociclo a solo;In marcia / fermata / arresto;Conducente;M;Rimandato;0;NON DECEDUTO;Non accertato;Inesistente
1697970;18;16/10/2006 06:45;Strada Urbana;VIA DI BOCCEA;all'intersezione semaforizzata con;VIA DI TORREVECCHIA;VIA DI TORREVECCHIA;;;Scontro frontale fra veicoli in marcia;Intersezione semaforizzata;Due carreggiate;Asciutto;Asfaltata;Verticale ed orizzontale;Sereno;Normale;Sufficiente;Sufficiente;2;0;0;0;;;-1;2;Ciclomotore;In marcia / fermata / arresto;Conducente;M;Rimandato;0;NON DECEDUTO;Non accertato;Inesistente
1697971;18;16/10/2006 07:40;Statale;VIA AURELIA;da specificare;;;;prox svincolo GRA per autostrada per Civitavecchia;Scontro laterale fra veicoli in marcia;Curva a visuale libera;Più di due carreggiate;Asciutto;Asfaltata;Verticale ed orizzontale;Sereno;Intenso;Buona;Ore Diurne;1;0;0;1;;;-1;1;Autovettura privata;In marcia / fermata / arresto;Conducente;M;Illeso;0;;Non accertato;Inesistente
1697971;18;16/10/2006 07:40;Statale;VIA AURELIA;da specificare;;;;prox svincolo GRA per autostrada per Civitavecchia;Scontro laterale fra veicoli in marcia;Curva a visuale libera;Più di due carreggiate;Asciutto;Asfaltata;Verticale ed orizzontale;Sereno;Intenso;Buona;Ore Diurne;1;0;0;1;;;-1;2;Motociclo a solo;In marcia / fermata / arresto;Conducente;M;Rimandato;0;NON DECEDUTO;Utilizzato;Inesistente
1697972;19;14/10/2006 09:50;Strada Urbana;VIA DI TORREVECCHIA;all'intersezione con;VIA ALESSANDRO SOLIVETTI;VIA ALESSANDRO SOLIVETTI;;;Investimento di pedone;Incrocio;Una carreggiata a doppio senso;Asciutto;Asfaltata;Verticale ed orizzontale;Sereno;Normale;Buona;Ore Diurne;0;1;0;9;;;-1;;;;Pedone;F;Prognosi riservata;0;NON DECEDUTO;;
1697972;19;14/10/2006 09:50;Strada Urbana;VIA DI TORREVECCHIA;all'intersezione con;VIA ALESSANDRO SOLIVETTI;VIA ALESSANDRO SOLIVETTI;;;Investimento di pedone;Incrocio;Una carreggiata a doppio senso;Asciutto;Asfaltata;Verticale ed orizzontale;Sereno;Normale;Buona;Ore Diurne;0;1;0;9;;;-1;1;Autobus di linea;In marcia / fermata / arresto;Conducente;M;Illeso;0;;Esente;Inesistente
1697972;19;14/10/2006 09:50;Strada Urbana;VIA DI TORREVECCHIA;all'intersezione con;VIA ALESSANDRO SOLIVETTI;VIA ALESSANDRO SOLIVETTI;;;Investimento di pedone;Incrocio;Una carreggiata a doppio senso;Asciutto;Asfaltata;Verticale ed orizzontale;Sereno;Normale;Buona;Ore Diurne;0;1;0;9;;;-1;1;Autobus di linea;In marcia / fermata / arresto;Passeggero;F;Illeso;0;;Esente;Inesistente
1697972;19;14/10/2006 09:50;Strada Urbana;VIA DI TORREVECCHIA;all'intersezione con;VIA ALESSANDRO SOLIVETTI;VIA ALESSANDRO SOLIVETTI;;;Investimento di pedone;Incrocio;Una carreggiata a doppio senso;Asciutto;Asfaltata;Verticale ed orizzontale;Sereno;Normale;Buona;Ore Diurne;0;1;0;9;;;-1;1;Autobus di linea;In marcia / fermata / arresto;Passeggero;F;Illeso;0;;Esente;Inesistente
1697972;19;14/10/2006 09:50;Strada Urbana;VIA DI TORREVECCHIA;all'intersezione con;VIA ALESSANDRO SOLIVETTI;VIA ALESSANDRO SOLIVETTI;;;Investimento di pedone;Incrocio;Una carreggiata a doppio senso;Asciutto;Asfaltata;Verticale ed orizzontale;Sereno;Normale;Buona;Ore Diurne;0;1;0;9;;;-1;2;Autovettura privata;In marcia / fermata / arresto;Conducente;M;Illeso;0;;Utilizzato;Inesistente
1697972;19;14/10/2006 09:50;Strada Urbana;VIA DI TORREVECCHIA;all'intersezione con;VIA ALESSANDRO SOLIVETTI;VIA ALESSANDRO SOLIVETTI;;;Investimento di pedone;Incrocio;Una carreggiata a doppio senso;Asciutto;Asfaltata;Verticale ed orizzontale;Sereno;Normale;Buona;Ore Diurne;0;1;0;9;;;-1;2;Autovettura privata;In marcia / fermata / arresto;Passeggero;F;Illeso;0;;Utilizzato;Inesistente
1697972;19;14/10/2006 09:50;Strada Urbana;VIA DI TORREVECCHIA;all'intersezione con;VIA ALESSANDRO SOLIVETTI;VIA ALESSANDRO SOLIVETTI;;;Investimento di pedone;Incrocio;Una carreggiata a doppio senso;Asciutto;Asfaltata;Verticale ed orizzontale;Sereno;Normale;Buona;Ore Diurne;0;1;0;9;;;-1;3;Autovettura privata;In marcia / fermata / arresto;Conducente;M;Illeso;0;;Utilizzato;Inesistente
1697972;19;14/10/2006 09:50;Strada Urbana;VIA DI TORREVECCHIA;all'intersezione con;VIA ALESSANDRO SOLIVETTI;VIA ALESSANDRO SOLIVETTI;;;Investimento di pedone;Incrocio;Una carreggiata a doppio senso;Asciutto;Asfaltata;Verticale ed orizzontale;Sereno;Normale;Buona;Ore Diurne;0;1;0;9;;;-1;3;Autovettura privata;In marcia / fermata / arresto;Passeggero;F;Illeso;0;;Utilizzato;Inesistente
1697972;19;14/10/2006 09:50;Strada Urbana;VIA DI TORREVECCHIA;all'intersezione con;VIA ALESSANDRO SOLIVETTI;VIA ALESSANDRO SOLIVETTI;;;Investimento di pedone;Incrocio;Una carreggiata a doppio senso;Asciutto;Asfaltata;Verticale ed orizzontale;Sereno;Normale;Buona;Ore Diurne;0;1;0;9;;;-1;3;Autovettura privata;In marcia / fermata / arresto;Passeggero;M;Illeso;0;;Utilizzato;Inesistente
1697972;19;14/10/2006 09:50;Strada Urbana;VIA DI TORREVECCHIA;all'intersezione con;VIA ALESSANDRO SOLIVETTI;VIA ALESSANDRO SOLIVETTI;;;Investimento di pedone;Incrocio;Una carreggiata a doppio senso;Asciutto;Asfaltata;Verticale ed orizzontale;Sereno;Normale;Buona;Ore Diurne;0;1;0;9;;;-1;3;Autovettura privata;In marcia / fermata / arresto;Passeggero;F;Illeso;0;;Utilizzato;Inesistente
1697973;19;14/10/2006 11:00;Strada Urbana;GALLERIA GIOVANNI XXIII;da specificare;;;;alt.km 1,600 dir. Pineta Sacchetti/Salaria;Infortunio per caduta del veicolo;Curva a visuale libera;Una carreggiata a senso unico di marcia;Asciutto;Asfaltata;Verticale ed orizzontale;Sereno;Normale;Sufficiente;Sufficiente;1;0;0;0;;;-1;1;Motociclo a solo;In marcia / fermata / arresto;Conducente;M;Ricoverato;0;NON DECEDUTO;Non accertato;Inesistente
1697974;19;14/10/2006 11:30;Strada Urbana;VIA VITTORIO MONTIGLIO;da specificare;;;;in pross. Via Pascucci;Scontro laterale fra veicoli in marcia;Curva a visuale libera;Una carreggiata a doppio senso;Asciutto;Asfaltata;Verticale ed orizzontale;Sereno;Normale;Buona;Ore Diurne;1;0;0;2;;;-1;1;Autovettura privata;In marcia / fermata / arresto;Conducente;M;Illeso;0;;Utilizzato;Inesistente
1697974;19;14/10/2006 11:30;Strada Urbana;VIA VITTORIO MONTIGLIO;da specificare;;;;in pross. Via Pascucci;Scontro laterale fra veicoli in marcia;Curva a visuale libera;Una carreggiata a doppio senso;Asciutto;Asfaltata;Verticale ed orizzontale;Sereno;Normale;Buona;Ore Diurne;1;0;0;2;;;-1;1;Autovettura privata;In marcia / fermata / arresto;Passeggero;F;Illeso;0;;Utilizzato;Inesistente
1697974;19;14/10/2006 11:30;Strada Urbana;VIA VITTORIO MONTIGLIO;da specificare;;;;in pross. Via Pascucci;Scontro laterale fra veicoli in marcia;Curva a visuale libera;Una carreggiata a doppio senso;Asciutto;Asfaltata;Verticale ed orizzontale;Sereno;Normale;Buona;Ore Diurne;1;0;0;2;;;-1;2;Motociclo a solo;In marcia / fermata / arresto;Conducente;M;Rimandato;0;NON DECEDUTO;Utilizzato;Inesistente
1697975;19;14/10/2006 17:15;Strada Urbana;VIA MATTIA BATTISTINI;all'intersezione con;VIA DEL FORTE BRASCHI;VIA DEL FORTE BRASCHI;;;Scontro frontale/laterale DX fra veicoli in marcia;Incrocio;Una carreggiata a doppio senso;Asciutto;Asfaltata;Verticale ed orizzontale;Sereno;Normale;Buona;Ore Diurne;2;0;0;1;;;-1;1;Autovettura privata;In marcia / fermata / arresto;Conducente;M;Rimandato;0;NON DECEDUTO;Utilizzato;Inesistente
1697975;19;14/10/2006 17:15;Strada Urbana;VIA MATTIA BATTISTINI;all'intersezione con;VIA DEL FORTE BRASCHI;VIA DEL FORTE BRASCHI;;;Scontro frontale/laterale DX fra veicoli in marcia;Incrocio;Una carreggiata a doppio senso;Asciutto;Asfaltata;Verticale ed orizzontale;Sereno;Normale;Buona;Ore Diurne;2;0;0;1;;;-1;1;Autovettura privata;In marcia / fermata / arresto;Passeggero;F;Rimandato;0;NON DECEDUTO;Utilizzato;Inesistente
1697975;19;14/10/2006 17:15;Strada Urbana;VIA MATTIA BATTISTINI;all'intersezione con;VIA DEL FORTE BRASCHI;VIA DEL FORTE BRASCHI;;;Scontro frontale/laterale DX fra veicoli in marcia;Incrocio;Una carreggiata a doppio senso;Asciutto;Asfaltata;Verticale ed orizzontale;Sereno;Normale;Buona;Ore Diurne;2;0;0;1;;;-1;2;Autocarro inferiore 35 q.;In marcia / fermata / arresto;Conducente;M;Illeso;0;;Non accertato;Inesistente
1697976;19;14/10/2006 23:30;Strada Urbana;GALLERIA GIOVANNI XXIII;da specificare;;;;km 1.500 direz. Pineta Sacchetti/Salaria;Ribaltamento senza urto contro ostacolo fisso;Galleria illuminata;Una carreggiata a senso unico di marcia;Asciutto;Asfaltata;Orizzontale;Sereno;Scarso;Buona;Sufficiente;0;0;0;1;;;-1;1;Quadriciclo leggero;In marcia / fermata / arresto;Conducente;F;Illeso;0;;Non accertato;Inesistente
1697977;19;15/10/2006 03:30;Strada Urbana;VIA MATTIA BATTISTINI;in prossimità;;del civico n. ;238;;Veicolo in marcia contro veicolo fermo;Rettilineo;Una carreggiata a doppio senso;Asciutto;Asfaltata;Orizzontale;Sereno;Scarso;Buona;Sufficiente;0;0;0;1;;;-1;1;Autovettura privata;In marcia / fermata / arresto;Conducente;M;Illeso;0;;Utilizzato;Inesploso
1697978;19;15/10/2006 13:45;Strada Urbana;VIA TRIONFALE;in prossimità;;del civico n. ;7348;;Tamponamento;Rettilineo;Una carreggiata a doppio senso;Asciutto;Asfaltata;Orizzontale;Sereno;Scarso;Buona;Ore Diurne;1;0;0;1;;;-1;1;Autovettura privata;In marcia / fermata / arresto;Conducente;F;Illeso;0;;Utilizzato;Inesploso
1697978;19;15/10/2006 13:45;Strada Urbana;VIA TRIONFALE;in prossimità;;del civico n. ;7348;;Tamponamento;Rettilineo;Una carreggiata a doppio senso;Asciutto;Asfaltata;Orizzontale;Sereno;Scarso;Buona;Ore Diurne;1;0;0;1;;;-1;2;Ciclomotore;In marcia / fermata / arresto;Conducente;F;Rimandato;0;NON DECEDUTO;Utilizzato;Inesistente
1697979;19;15/10/2006 22:45;Strada Urbana;VIA DELLA PINETA SACCHETTI;da specificare;;;;civ. 227 - Corrisp. bretella inversione di marcia;Scontro laterale fra veicoli in marcia;Curva a visuale libera;Una carreggiata a senso unico di marcia;Asciutto;Asfaltata;Orizzontale;Sereno;Normale;Buona;Insufficiente;0;0;0;2;;;-1;1;Autovettura privata;In marcia / fermata / arresto;Conducente;M;Illeso;0;;Utilizzato;Inesploso
1697979;19;15/10/2006 22:45;Strada Urbana;VIA DELLA PINETA SACCHETTI;da specificare;;;;civ. 227 - Corrisp. bretella inversione di marcia;Scontro laterale fra veicoli in marcia;Curva a visuale libera;Una carreggiata a senso unico di marcia;Asciutto;Asfaltata;Orizzontale;Sereno;Normale;Buona;Insufficiente;0;0;0;2;;;-1;2;Motociclo a solo;In marcia / fermata / arresto;Conducente;M;Illeso;0;;Utilizzato;Inesistente
1697981;19;16/10/2006 09:30;Strada Urbana;VIA DELLA PINETA SACCHETTI;in prossimità;;del civico n. ;215;;Scontro frontale/laterale DX fra veicoli in marcia;Rettilineo;Una carreggiata a senso unico di marcia;Asciutto;Asfaltata;Orizzontale;Sereno;Normale;Buona;Ore Diurne;2;0;0;3;;;-1;1;Autovettura privata;In marcia / fermata / arresto;Conducente;M;Illeso;0;;Utilizzato;Inesistente
1697981;19;16/10/2006 09:30;Strada Urbana;VIA DELLA PINETA SACCHETTI;in prossimità;;del civico n. ;215;;Scontro frontale/laterale DX fra veicoli in marcia;Rettilineo;Una carreggiata a senso unico di marcia;Asciutto;Asfaltata;Orizzontale;Sereno;Normale;Buona;Ore Diurne;2;0;0;3;;;-1;1;Autovettura privata;In marcia / fermata / arresto;Passeggero;F;Illeso;0;;Utilizzato;Inesistente
1697981;19;16/10/2006 09:30;Strada Urbana;VIA DELLA PINETA SACCHETTI;in prossimità;;del civico n. ;215;;Scontro frontale/laterale DX fra veicoli in marcia;Rettilineo;Una carreggiata a senso unico di marcia;Asciutto;Asfaltata;Orizzontale;Sereno;Normale;Buona;Ore Diurne;2;0;0;3;;;-1;1;Autovettura privata;In marcia / fermata / arresto;Passeggero;F;Illeso;0;;Utilizzato;Inesistente
1697981;19;16/10/2006 09:30;Strada Urbana;VIA DELLA PINETA SACCHETTI;in prossimità;;del civico n. ;215;;Scontro frontale/laterale DX fra veicoli in marcia;Rettilineo;Una carreggiata a senso unico di marcia;Asciutto;Asfaltata;Orizzontale;Sereno;Normale;Buona;Ore Diurne;2;0;0;3;;;-1;2;Ciclomotore;In marcia / fermata / arresto;Conducente;M;Rimandato;0;NON DECEDUTO;Utilizzato;Inesistente
1697981;19;16/10/2006 09:30;Strada Urbana;VIA DELLA PINETA SACCHETTI;in prossimità;;del civico n. ;215;;Scontro frontale/laterale DX fra veicoli in marcia;Rettilineo;Una carreggiata a senso unico di marcia;Asciutto;Asfaltata;Orizzontale;Sereno;Normale;Buona;Ore Diurne;2;0;0;3;;;-1;2;Ciclomotore;In marcia / fermata / arresto;Passeggero;F;Rimandato;0;NON DECEDUTO;Utilizzato;Inesistente
1697982;23;14/10/2006 17:10;Comunale extraurbana;VIA CRISTOFORO COLOMBO;in prossimità;;della chilometrica ;15,3;;Veicolo in marcia contro ostacolo accidentale;Curva senza visuale libera;Due carreggiate;Asciutto;Asfaltata;Verticale ed orizzontale;Sereno;Scarso;Buona;Ore Diurne;0;0;0;1;;;-1;1;Autovettura privata;In marcia / fermata / arresto;Conducente;M;Illeso;0;;Non accertato;Inesistente
1697983;23;15/10/2006 02:15;Strada Urbana;VIA DI CASTEL DI LEVA;da specificare;;;;100 MT dopo Via Renato Cacciopoli;Veicolo in marcia contro ostacolo accidentale;Rettilineo;Una carreggiata a doppio senso;Asciutto;Asfaltata;Verticale ed orizzontale;Sereno;Scarso;Insufficiente;Inesistente;0;0;0;1;;;-1;1;Autovettura privata;In marcia / fermata / arresto;Conducente;M;Illeso;0;;Utilizzato;Esploso
1697984;1;08/10/2006 02:00;Strada Urbana;VIA GALVANI;all'intersezione semaforizzata con;VIA NICOLA ZABAGLIA;VIA NICOLA ZABAGLIA;;;Scontro frontale fra veicoli in marcia;Intersezione semaforizzata;Una carreggiata a doppio senso;Asciutto;Asfaltata;Verticale ed orizzontale;Sereno;Intenso;Sufficiente;Sufficiente;2;0;0;1;;;-1;1;Motociclo con passeggero;In marcia / fermata / arresto;Conducente;M;Rimandato;0;NON DECEDUTO;Non accertato;Inesistente
1697984;1;08/10/2006 02:00;Strada Urbana;VIA GALVANI;all'intersezione semaforizzata con;VIA NICOLA ZABAGLIA;VIA NICOLA ZABAGLIA;;;Scontro frontale fra veicoli in marcia;Intersezione semaforizzata;Una carreggiata a doppio senso;Asciutto;Asfaltata;Verticale ed orizzontale;Sereno;Intenso;Sufficiente;Sufficiente;2;0;0;1;;;-1;1;Motociclo con passeggero;In marcia / fermata / arresto;Passeggero;F;Rimandato;0;NON DECEDUTO;Non accertato;Inesistente