Protocollo;Gruppo;DataOraIncidente;Localizzazione1;STRADA1;Localizzazione2;STRADA2;Strada02;Chilometrica;DaSpecificare;NaturaIncidente;particolaritastrade;TipoStrada;FondoStradale;Pavimentazione;Segnaletica;CondizioneAtmosferica;Traffico;Visibilita;Illuminazione;NUM_FERITI;NUM_RISERVATA;NUM_MORTI;NUM_ILLESI;Longitudine;Latitudine;Confermato;Progressivo;TipoVeicolo;StatoVeicolo;TipoPersona;Sesso;Tipolesione;Deceduto;DecedutoDopo;CinturaCascoUtilizzato;Airbag
1699611;6;29/10/2006 09:15;Strada Urbana;VIA PRENESTINA;all'intersezione semaforizzata con;VIA ERASMO GATTAMELATA;VIA ERASMO GATTAMELATA;;;Tamponamento;Incrocio;Più di due carreggiate;Asciutto;Asfaltata;Verticale ed orizzontale;Sereno;Scarso;Buona;Ore Diurne;0;0;0;2;;;-1;1;Autovettura privata;In marcia / fermata / arresto;Conducente;M;Illeso;0;;Non accertato;Inesistente
1699611;6;29/10/2006 09:15;Strada Urbana;VIA PRENESTINA;all'intersezione semaforizzata con;VIA ERASMO GATTAMELATA;VIA ERASMO GATTAMELATA;;;Tamponamento;Incrocio;Più di due carreggiate;Asciutto;Asfaltata;Verticale ed orizzontale;Sereno;Scarso;Buona;Ore Diurne;0;0;0;2;;;-1;2;Autovettura privata;In marcia / fermata / arresto;Conducente;F;Illeso;0;;Non accertato;Inesploso
1699612;6;29/10/2006 11:25;Strada Urbana;VIA PRENESTINA;all'intersezione semaforizzata con;LARGO IRPINIA;LARGO IRPINIA;;;Scontro frontale/laterale SX fra veicoli in marcia;Incrocio;Più di due carreggiate;Asciutto;Asfaltata;Verticale ed orizzontale;Sereno;Normale;Buona;Ore Diurne;1;0;0;1;;;-1;1;Autovettura privata;In marcia / fermata / arresto;Conducente;M;Illeso;0;;Non accertato;Inesploso
1699612;6;29/10/2006 11:25;Strada Urbana;VIA PRENESTINA;all'intersezione semaforizzata con;LARGO IRPINIA;LARGO IRPINIA;;;Scontro frontale/laterale SX fra veicoli in marcia;Incrocio;Più di due carreggiate;Asciutto;Asfaltata;Verticale ed orizzontale;Sereno;Normale;Buona;Ore Diurne;1;0;0;1;;;-1;2;Autovettura di polizia;In marcia / fermata / arresto;Conducente;M;Rimandato;0;NON DECEDUTO;Non accertato;Esploso
1699613;6;29/10/2006 17:20;Strada Urbana;VIA DI ACQUA BULLICANTE;all'intersezione con;VIA BARTOLOMEO PERESTRELLO;VIA BARTOLOMEO PERESTRELLO;;;Scontro laterale fra veicoli in marcia;Incrocio;Una carreggiata a doppio senso;Asciutto;Asfaltata;Verticale;Sereno;Normale;Buona;Sufficiente;0;0;0;2;;;-1;1;Autovettura privata;In marcia / fermata / arresto;Conducente;F;Illeso;0;;Non accertato;Inesistente
1699613;6;29/10/2006 17:20;Strada Urbana;VIA DI ACQUA BULLICANTE;all'intersezione con;VIA BARTOLOMEO PERESTRELLO;VIA BARTOLOMEO PERESTRELLO;;;Scontro laterale fra veicoli in marcia;Incrocio;Una carreggiata a doppio senso;Asciutto;Asfaltata;Verticale;Sereno;Normale;Buona;Sufficiente;0;0;0;2;;;-1;2;Autovettura privata;In marcia / fermata / arresto;Conducente;M;Illeso;0;;Non accertato;Inesistente
1699614;6;29/10/2006 18:30;Strada Urbana;VIALE DELLA PRIMAVERA;in corrispondenza;;del civico n. ;263;;Tamponamento;Rettilineo;Due carreggiate;Asciutto;Asfaltata;Assente;Sereno;Intenso;Buona;Sufficiente;3;0;0;3;;;-1;1;Autovettura privata;In marcia / fermata / arresto;Conducente;M;Illeso;0;;Non accertato;Inesistente
1699614;6;29/10/2006 18:30;Strada Urbana;VIALE DELLA PRIMAVERA;in corrispondenza;;del civico n. ;263;;Tamponamento;Rettilineo;Due carreggiate;Asciutto;Asfaltata;Assente;Sereno;Intenso;Buona;Sufficiente;3;0;0;3;;;-1;2;Autovettura privata;In marcia / fermata / arresto;Conducente;M;Rimandato;0;NON DECEDUTO;Utilizzato;Inesistente
1699614;6;29/10/2006 18:30;Strada Urbana;VIALE DELLA PRIMAVERA;in corrispondenza;;del civico n. ;263;;Tamponamento;Rettilineo;Due carreggiate;Asciutto;Asfaltata;Assente;Sereno;Intenso;Buona;Sufficiente;3;0;0;3;;;-1;2;Autovettura privata;In marcia / fermata / arresto;Passeggero;F;Rimandato;0;NON DECEDUTO;Non accertato;Inesistente
1699614;6;29/10/2006 18:30;Strada Urbana;VIALE DELLA PRIMAVERA;in corrispondenza;;del civico n. ;263;;Tamponamento;Rettilineo;Due carreggiate;Asciutto;Asfaltata;Assente;Sereno;Intenso;Buona;Sufficiente;3;0;0;3;;;-1;2;Autovettura privata;In marcia / fermata / arresto;Passeggero;M;Rimandato;0;NON DECEDUTO;Non accertato;Inesistente
1699614;6;29/10/2006 18:30;Strada Urbana;VIALE DELLA PRIMAVERA;in corrispondenza;;del civico n. ;263;;Tamponamento;Rettilineo;Due carreggiate;Asciutto;Asfaltata;Assente;Sereno;Intenso;Buona;Sufficiente;3;0;0;3;;;-1;3;Autovettura privata;In marcia / fermata / arresto;Conducente;M;Illeso;0;;Utilizzato;Inesistente
1699614;6;29/10/2006 18:30;Strada Urbana;VIALE DELLA PRIMAVERA;in corrispondenza;;del civico n. ;263;;Tamponamento;Rettilineo;Due carreggiate;Asciutto;Asfaltata;Assente;Sereno;Intenso;Buona;Sufficiente;3;0;0;3;;;-1;3;Autovettura privata;In marcia / fermata / arresto;Passeggero;M;Illeso;0;;Non accertato;Inesistente
1699615;7;27/10/2006 08:40;Strada Urbana;VIA DI TOR SAPIENZA;in corrispondenza;;del civico n. ;211;;Scontro frontale/laterale DX fra veicoli in marcia;Rettilineo;Una carreggiata a doppio senso;Asciutto;Asfaltata;Assente;Sereno;Normale;Buona;Ore Diurne;0;0;0;2;;;-1;1;Autocarro inferiore 35 q.;In marcia / fermata / arresto;Conducente;M;Illeso;0;;Non accertato;Inesploso
1699615;7;27/10/2006 08:40;Strada Urbana;VIA DI TOR SAPIENZA;in corrispondenza;;del civico n. ;211;;Scontro frontale/laterale DX fra veicoli in marcia;Rettilineo;Una carreggiata a doppio senso;Asciutto;Asfaltata;Assente;Sereno;Normale;Buona;Ore Diurne;0;0;0;2;;;-1;2;Autovettura privata;In marcia / fermata / arresto;Conducente;M;Illeso;0;;Non accertato;Inesploso
1699616;7;27/10/2006 19:30;Strada Urbana;VIA PRENESTINA;all'intersezione con;VIA DELLA FORMICA;VIA DELLA FORMICA;;;Tamponamento;Incrocio;Una carreggiata a doppio senso;Asciutto;Asfaltata;Verticale ed orizzontale;Sereno;Intenso;Buona;Sufficiente;0;0;0;3;;;-1;1;Autovettura privata;In marcia / fermata / arresto;Conducente;M;Illeso;0;;Non accertato;Inesploso
1699616;7;27/10/2006 19:30;Strada Urbana;VIA PRENESTINA;all'intersezione con;VIA DELLA FORMICA;VIA DELLA FORMICA;;;Tamponamento;Incrocio;Una carreggiata a doppio senso;Asciutto;Asfaltata;Verticale ed orizzontale;Sereno;Intenso;Buona;Sufficiente;0;0;0;3;;;-1;1;Autovettura privata;In marcia / fermata / arresto;Passeggero;F;Illeso;0;;Non accertato;Inesploso
1699616;7;27/10/2006 19:30;Strada Urbana;VIA PRENESTINA;all'intersezione con;VIA DELLA FORMICA;VIA DELLA FORMICA;;;Tamponamento;Incrocio;Una carreggiata a doppio senso;Asciutto;Asfaltata;Verticale ed orizzontale;Sereno;Intenso;Buona;Sufficiente;0;0;0;3;;;-1;2;Autocarro inferiore 35 q.;In marcia / fermata / arresto;Conducente;M;Illeso;0;;Non accertato;Inesploso
1699617;7;27/10/2006 21:15;Strada Urbana;VIALE GIORGIO MORANDI;in prossimità;;del civico n. ;131;;Scontro frontale/laterale DX fra veicoli in marcia;Rettilineo;Una carreggiata a senso unico di marcia;Asciutto;Asfaltata;Assente;Sereno;Normale;Sufficiente;Sufficiente;1;0;0;0;;;-1;2;Autovettura privata;In marcia / fermata / arresto;Conducente;M;Rimandato;0;NON DECEDUTO;Non accertato;Inesistente
1699618;7;28/10/2006 01:50;Strada Urbana;VIA DI TOR CERVARA;all'intersezione con;VIA DEGLI ARMENTI;VIA DEGLI ARMENTI;;;Scontro frontale/laterale DX fra veicoli in marcia;Incrocio;Una carreggiata a doppio senso;Asciutto;Asfaltata;Verticale;Sereno;Scarso;Buona;Sufficiente;0;0;0;3;;;-1;1;Autovettura privata;In marcia / fermata / arresto;Conducente;M;Illeso;0;;Non accertato;Inesistente
1699618;7;28/10/2006 01:50;Strada Urbana;VIA DI TOR CERVARA;all'intersezione con;VIA DEGLI ARMENTI;VIA DEGLI ARMENTI;;;Scontro frontale/laterale DX fra veicoli in marcia;Incrocio;Una carreggiata a doppio senso;Asciutto;Asfaltata;Verticale;Sereno;Scarso;Buona;Sufficiente;0;0;0;3;;;-1;1;Autovettura privata;In marcia / fermata / arresto;Passeggero;M;Illeso;0;;Non accertato;Inesistente
1699618;7;28/10/2006 01:50;Strada Urbana;VIA DI TOR CERVARA;all'intersezione con;VIA DEGLI ARMENTI;VIA DEGLI ARMENTI;;;Scontro frontale/laterale DX fra veicoli in marcia;Incrocio;Una carreggiata a doppio senso;Asciutto;Asfaltata;Verticale;Sereno;Scarso;Buona;Sufficiente;0;0;0;3;;;-1;2;Autovettura privata;In marcia / fermata / arresto;Conducente;M;Illeso;0;;Non accertato;Inesistente
1699619;7;28/10/2006 08:15;Strada Urbana;VIA DEL FOSSO DI TOR TRE TESTE;in prossimità;;del civico n. ;35;;Scontro laterale fra veicoli in marcia;Rettilineo;Una carreggiata a doppio senso;Asciutto;Asfaltata;Assente;Sereno;Scarso;Buona;Ore Diurne;1;0;0;1;;;-1;1;Autovettura privata;In marcia / fermata / arresto;Conducente;M;Rimandato;0;NON DECEDUTO;Non accertato;Inesistente
1699619;7;28/10/2006 08:15;Strada Urbana;VIA DEL FOSSO DI TOR TRE TESTE;in prossimità;;del civico n. ;35;;Scontro laterale fra veicoli in marcia;Rettilineo;Una carreggiata a doppio senso;Asciutto;Asfaltata;Assente;Sereno;Scarso;Buona;Ore Diurne;1;0;0;1;;;-1;2;Autocarro inferiore 35 q.;In marcia / fermata / arresto;Conducente;M;Illeso;0;;Non accertato;Inesistente
1699620;7;28/10/2006 11:45;Strada Urbana;PIAZZA CESARE DE CUPIS;in corrispondenza;;del civico n. ;1;;Scontro laterale fra veicoli in marcia;Rettilineo;Una carreggiata a doppio senso;Asciutto;Asfaltata;Verticale ed orizzontale;Sereno;Normale;Buona;Ore Diurne;0;0;0;2;;;-1;1;Autovettura privata;In marcia / fermata / arresto;Conducente;M;Illeso;0;;Non accertato;Inesistente
1699620;7;28/10/2006 11:45;Strada Urbana;PIAZZA CESARE DE CUPIS;in corrispondenza;;del civico n. ;1;;Scontro laterale fra veicoli in marcia;Rettilineo;Una carreggiata a doppio senso;Asciutto;Asfaltata;Verticale ed orizzontale;Sereno;Normale;Buona;Ore Diurne;0;0;0;2;;;-1;2;Autovettura privata;In marcia / fermata / arresto;Conducente;M;Illeso;0;;Non accertato;Inesistente
1699621;7;28/10/2006 13:35;Strada Urbana;VIA CASILINA;in prossimità;;del civico n. ;867;;Veicolo in marcia contro veicolo fermo;Rettilineo;Una carreggiata a senso unico di marcia;Asciutto;Asfaltata;Verticale;Sereno;Scarso;Buona;Ore Diurne;1;0;0;0;;;-1;1;Autovettura privata;In marcia / fermata / arresto;Conducente;M;Rimandato;0;NON DECEDUTO;Utilizzato;Inesistente
1699622;7;28/10/2006 17:50;Strada Urbana;VIALE ALESSANDRINO;all'intersezione con;VIALE DELLA BELLA VILLA;VIALE DELLA BELLA VILLA;;;Scontro laterale fra veicoli in marcia;Incrocio;Una carreggiata a doppio senso;Asciutto;Asfaltata;Verticale ed orizzontale;Sereno;Intenso;Buona;Ore Diurne;0;0;0;2;;;-1;1;Autovettura privata;In marcia / fermata / arresto;Conducente;M;Illeso;0;;Utilizzato;Inesistente
1699622;7;28/10/2006 17:50;Strada Urbana;VIALE ALESSANDRINO;all'intersezione con;VIALE DELLA BELLA VILLA;VIALE DELLA BELLA VILLA;;;Scontro laterale fra veicoli in marcia;Incrocio;Una carreggiata a doppio senso;Asciutto;Asfaltata;Verticale ed orizzontale;Sereno;Intenso;Buona;Ore Diurne;0;0;0;2;;;-1;1;Autovettura privata;In marcia / fermata / arresto;Passeggero;F;Illeso;0;;Utilizzato;Inesistente
1699623;7;28/10/2006 19:30;Strada Urbana;VIA ANGELO VISCOGLIOSI;da specificare;;;;in prossimita di Via Tor Tre Teste;Scontro frontale/laterale SX fra veicoli in marcia;Rettilineo;Una carreggiata a doppio senso;Asciutto;Asfaltata;Verticale ed orizzontale;Sereno;Normale;Buona;Sufficiente;1;0;0;2;;;-1;1;Autovettura privata;In marcia / fermata / arresto;Conducente;M;Illeso;0;;Non accertato;Inesploso
1699623;7;28/10/2006 19:30;Strada Urbana;VIA ANGELO VISCOGLIOSI;da specificare;;;;in prossimita di Via Tor Tre Teste;Scontro frontale/laterale SX fra veicoli in marcia;Rettilineo;Una carreggiata a doppio senso;Asciutto;Asfaltata;Verticale ed orizzontale;Sereno;Normale;Buona;Sufficiente;1;0;0;2;;;-1;2;Autovettura privata;In marcia / fermata / arresto;Conducente;M;Rimandato;0;NON DECEDUTO;Non accertato;Inesploso
1699623;7;28/10/2006 19:30;Strada Urbana;VIA ANGELO VISCOGLIOSI;da specificare;;;;in prossimita di Via Tor Tre Teste;Scontro frontale/laterale SX fra veicoli in marcia;Rettilineo;Una carreggiata a doppio senso;Asciutto;Asfaltata;Verticale ed orizzontale;Sereno;Normale;Buona;Sufficiente;1;0;0;2;;;-1;3;Autovettura privata;In marcia / fermata / arresto;Conducente;M;Illeso;0;;Non accertato;Inesploso
1699624;7;28/10/2006 23:00;Provinciale entro l'abitato;VIA PRENESTINA;in prossimità;;del civico n. ;1044;;Infortunio per caduta del veicolo;Rettilineo;Una carreggiata a doppio senso;Asciutto;Asfaltata;Orizzontale;Sereno;Normale;Sufficiente;Sufficiente;2;0;0;0;;;-1;1;Motociclo a solo;In marcia / fermata / arresto;Conducente;M;Rimandato;0;NON DECEDUTO;Non accertato;Inesistente
1699624;7;28/10/2006 23:00;Provinciale entro l'abitato;VIA PRENESTINA;in prossimità;;del civico n. ;1044;;Infortunio per caduta del veicolo;Rettilineo;Una carreggiata a doppio senso;Asciutto;Asfaltata;Orizzontale;Sereno;Normale;Sufficiente;Sufficiente;2;0;0;0;;;-1;1;Motociclo a solo;In marcia / fermata / arresto;Passeggero;F;Rimandato;0;NON DECEDUTO;Non accertato;Inesistente
1699625;7;29/10/2006 00:50;Strada Urbana;VIA MOLFETTA;all'intersezione con;VIA MANFREDONIA;VIA MANFREDONIA;;;Scontro frontale/laterale SX fra veicoli in marcia;Incrocio;Una carreggiata a doppio senso;Asciutto;Asfaltata;Verticale ed orizzontale;Sereno;Scarso;Sufficiente;Sufficiente;5;0;0;0;;;-1;1;Autovettura privata;In marcia / fermata / arresto;Conducente;M;Rimandato;0;NON DECEDUTO;Non accertato;Inesistente
1699625;7;29/10/2006 00:50;Strada Urbana;VIA MOLFETTA;all'intersezione con;VIA MANFREDONIA;VIA MANFREDONIA;;;Scontro frontale/laterale SX fra veicoli in marcia;Incrocio;Una carreggiata a doppio senso;Asciutto;Asfaltata;Verticale ed orizzontale;Sereno;Scarso;Sufficiente;Sufficiente;5;0;0;0;;;-1;2;Autovettura privata;In marcia / fermata / arresto;Conducente;F;Rimandato;0;NON DECEDUTO;Non accertato;Inesistente
1699625;7;29/10/2006 00:50;Strada Urbana;VIA MOLFETTA;all'intersezione con;VIA MANFREDONIA;VIA MANFREDONIA;;;Scontro frontale/laterale SX fra veicoli in marcia;Incrocio;Una carreggiata a doppio senso;Asciutto;Asfaltata;Verticale ed orizzontale;Sereno;Scarso;Sufficiente;Sufficiente;5;0;0;0;;;-1;2;Autovettura privata;In marcia / fermata / arresto;Passeggero;M;Rimandato;0;NON DECEDUTO;Non accertato;Inesistente
1699625;7;29/10/2006 00:50;Strada Urbana;VIA MOLFETTA;all'intersezione con;VIA MANFREDONIA;VIA MANFREDONIA;;;Scontro frontale/laterale SX fra veicoli in marcia;Incrocio;Una carreggiata a doppio senso;Asciutto;Asfaltata;Verticale ed orizzontale;Sereno;Scarso;Sufficiente;Sufficiente;5;0;0;0;;;-1;2;Autovettura privata;In marcia / fermata / arresto;Passeggero;F;Rimandato;0;NON DECEDUTO;Non accertato;Inesistente
1699625;7;29/10/2006 00:50;Strada Urbana;VIA MOLFETTA;all'intersezione con;VIA MANFREDONIA;VIA MANFREDONIA;;;Scontro frontale/laterale SX fra veicoli in marcia;Incrocio;Una carreggiata a doppio senso;Asciutto;Asfaltata;Verticale ed orizzontale;Sereno;Scarso;Sufficiente;Sufficiente;5;0;0;0;;;-1;2;Autovettura privata;In marcia / fermata / arresto;Passeggero;M;Rimandato;0;NON DECEDUTO;Non accertato;Inesistente
1699626;7;29/10/2006 02:45;Strada Urbana;VIALE ALESSANDRINO;all'intersezione con;VIA DEI MELI;VIA DEI MELI;;;Tamponamento;Incrocio;Una carreggiata a doppio senso;Asciutto;Asfaltata;Assente;Sereno;Scarso;Buona;Sufficiente;0;0;0;1;;;-1;1;Autovettura privata;In marcia / fermata / arresto;Conducente;M;Illeso;0;;Non accertato;Inesistente
1699627;7;29/10/2006 02:50;Strada Urbana;PIAZZALE PINO PASCALI;da specificare;;;;p.le pino pascali;Tamponamento;Rettilineo;Una carreggiata a doppio senso;Asciutto;Asfaltata;Orizzontale;Sereno;Scarso;Sufficiente;Sufficiente;1;0;0;0;;;-1;1;Ciclomotore;In marcia / fermata / arresto;Conducente;M;Rimandato;0;NON DECEDUTO;Non accertato;Inesistente
1699628;7;29/10/2006 17:30;Strada Urbana;VIA COLLATINA;all'intersezione con;VIA ACHILLE VERTUNNI;VIA ACHILLE VERTUNNI;;;Scontro frontale/laterale DX fra veicoli in marcia;Incrocio;Una carreggiata a doppio senso;Asciutto;Asfaltata;Verticale ed orizzontale;Sereno;Scarso;Buona;Sufficiente;0;0;0;3;;;-1;1;Autovettura privata;In marcia / fermata / arresto;Conducente;M;Illeso;0;;Non accertato;Inesistente
1699628;7;29/10/2006 17:30;Strada Urbana;VIA COLLATINA;all'intersezione con;VIA ACHILLE VERTUNNI;VIA ACHILLE VERTUNNI;;;Scontro frontale/laterale DX fra veicoli in marcia;Incrocio;Una carreggiata a doppio senso;Asciutto;Asfaltata;Verticale ed orizzontale;Sereno;Scarso;Buona;Sufficiente;0;0;0;3;;;-1;1;Autovettura privata;In marcia / fermata / arresto;Passeggero;F;Illeso;0;;Non accertato;Inesistente
1699628;7;29/10/2006 17:30;Strada Urbana;VIA COLLATINA;all'intersezione con;VIA ACHILLE VERTUNNI;VIA ACHILLE VERTUNNI;;;Scontro frontale/laterale DX fra veicoli in marcia;Incrocio;Una carreggiata a doppio senso;Asciutto;Asfaltata;Verticale ed orizzontale;Sereno;Scarso;Buona;Sufficiente;0;0;0;3;;;-1;1;Autovettura privata;In marcia / fermata / arresto;Passeggero;F;Illeso;0;;Non accertato;Inesistente
1699629;7;29/10/2006 17:40;Strada Urbana;VIALE PALMIRO TOGLIATTI;in prossimità;;del civico n. ;1009;;Scontro laterale fra veicoli in marcia;Rettilineo;Una carreggiata a senso unico di marcia;Asciutto;Asfaltata;Orizzontale;Sereno;Intenso;Sufficiente;Sufficiente;2;0;0;2;;;-1;1;Motociclo con passeggero;In marcia / fermata / arresto;Conducente;M;Rimandato;0;NON DECEDUTO;Non accertato;Inesistente
1699629;7;29/10/2006 17:40;Strada Urbana;VIALE PALMIRO TOGLIATTI;in prossimità;;del civico n. ;1009;;Scontro laterale fra veicoli in marcia;Rettilineo;Una carreggiata a senso unico di marcia;Asciutto;Asfaltata;Orizzontale;Sereno;Intenso;Sufficiente;Sufficiente;2;0;0;2;;;-1;1;Motociclo con passeggero;In marcia / fermata / arresto;Passeggero;F;Rimandato;0;NON DECEDUTO;Non accertato;Inesistente
1699629;7;29/10/2006 17:40;Strada Urbana;VIALE PALMIRO TOGLIATTI;in prossimità;;del civico n. ;1009;;Scontro laterale fra veicoli in marcia;Rettilineo;Una carreggiata a senso unico di marcia;Asciutto;Asfaltata;Orizzontale;Sereno;Intenso;Sufficiente;Sufficiente;2;0;0;2;;;-1;2;Autovettura privata;In marcia / fermata / arresto;Conducente;M;Illeso;0;;Non accertato;Inesistente
1699629;7;29/10/2006 17:40;Strada Urbana;VIALE PALMIRO TOGLIATTI;in prossimità;;del civico n. ;1009;;Scontro laterale fra veicoli in marcia;Rettilineo;Una carreggiata a senso unico di marcia;Asciutto;Asfaltata;Orizzontale;Sereno;Intenso;Sufficiente;Sufficiente;2;0;0;2;;;-1;2;Autovettura privata;In marcia / fermata / arresto;Passeggero;F;Illeso;0;;Non accertato;Inesistente
1699630;7;29/10/2006 18:00;Strada Urbana;VIA COLLATINA;in prossimità;;del civico n. ;201;;Tamponamento;Rettilineo;Una carreggiata a doppio senso;Asciutto;Asfaltata;Orizzontale;Sereno;Intenso;Buona;Sufficiente;1;0;0;1;;;-1;1;Autovettura privata;In marcia / fermata / arresto;Conducente;M;Illeso;0;;Non accertato;Inesistente
1699630;7;29/10/2006 18:00;Strada Urbana;VIA COLLATINA;in prossimità;;del civico n. ;201;;Tamponamento;Rettilineo;Una carreggiata a doppio senso;Asciutto;Asfaltata;Orizzontale;Sereno;Intenso;Buona;Sufficiente;1;0;0;1;;;-1;2;Motociclo a solo;In marcia / fermata / arresto;Conducente;M;Rimandato;0;NON DECEDUTO;Non utilizzato;Inesistente
1699631;7;29/10/2006 22:00;Strada Urbana;VIA DEI GELSI;all'intersezione con;VIALE DELLE ORCHIDEE;VIALE DELLE ORCHIDEE;;;Scontro frontale/laterale SX fra veicoli in marcia;Incrocio;Una carreggiata a doppio senso;Asciutto;Asfaltata;Verticale ed orizzontale;Sereno;Scarso;Buona;Sufficiente;2;0;0;5;;;-1;1;Autovettura privata;In marcia / fermata / arresto;Conducente;M;Rimandato;0;NON DECEDUTO;Non accertato;Inesistente
1699631;7;29/10/2006 22:00;Strada Urbana;VIA DEI GELSI;all'intersezione con;VIALE DELLE ORCHIDEE;VIALE DELLE ORCHIDEE;;;Scontro frontale/laterale SX fra veicoli in marcia;Incrocio;Una carreggiata a doppio senso;Asciutto;Asfaltata;Verticale ed orizzontale;Sereno;Scarso;Buona;Sufficiente;2;0;0;5;;;-1;1;Autovettura privata;In marcia / fermata / arresto;Passeggero;F;Rimandato;0;NON DECEDUTO;Non accertato;Inesistente
1699631;7;29/10/2006 22:00;Strada Urbana;VIA DEI GELSI;all'intersezione con;VIALE DELLE ORCHIDEE;VIALE DELLE ORCHIDEE;;;Scontro frontale/laterale SX fra veicoli in marcia;Incrocio;Una carreggiata a doppio senso;Asciutto;Asfaltata;Verticale ed orizzontale;Sereno;Scarso;Buona;Sufficiente;2;0;0;5;;;-1;2;Autovettura privata;In marcia / fermata / arresto;Conducente;M;Illeso;0;;Esente;Inesistente
1699631;7;29/10/2006 22:00;Strada Urbana;VIA DEI GELSI;all'intersezione con;VIALE DELLE ORCHIDEE;VIALE DELLE ORCHIDEE;;;Scontro frontale/laterale SX fra veicoli in marcia;Incrocio;Una carreggiata a doppio senso;Asciutto;Asfaltata;Verticale ed orizzontale;Sereno;Scarso;Buona;Sufficiente;2;0;0;5;;;-1;2;Autovettura privata;In marcia / fermata / arresto;Passeggero;M;Illeso;0;;Non accertato;Inesistente
1699631;7;29/10/2006 22:00;Strada Urbana;VIA DEI GELSI;all'intersezione con;VIALE DELLE ORCHIDEE;VIALE DELLE ORCHIDEE;;;Scontro frontale/laterale SX fra veicoli in marcia;Incrocio;Una carreggiata a doppio senso;Asciutto;Asfaltata;Verticale ed orizzontale;Sereno;Scarso;Buona;Sufficiente;2;0;0;5;;;-1;2;Autovettura privata;In marcia / fermata / arresto;Passeggero;M;Illeso;0;;Non accertato;Inesistente
1699631;7;29/10/2006 22:00;Strada Urbana;VIA DEI GELSI;all'intersezione con;VIALE DELLE ORCHIDEE;VIALE DELLE ORCHIDEE;;;Scontro frontale/laterale SX fra veicoli in marcia;Incrocio;Una carreggiata a doppio senso;Asciutto;Asfaltata;Verticale ed orizzontale;Sereno;Scarso;Buona;Sufficiente;2;0;0;5;;;-1;3;Autovettura privata;In marcia / fermata / arresto;Conducente;M;Illeso;0;;Non accertato;Inesistente
1699632;7;30/10/2006 00:30;Strada Urbana;VIA CASILINA;all'intersezione con;VIA TOR DE' SCHIAVI;VIA TOR DE' SCHIAVI;;;Veicoli in marcia contro veicoli fermi;Incrocio;Una carreggiata a doppio senso;Asciutto;Asfaltata;Verticale ed orizzontale;Sereno;Normale;Sufficiente;Sufficiente;1;0;0;10;;;-1;1;Autovettura privata;In marcia / fermata / arresto;Passeggero;M;Illeso;0;;Non accertato;Inesploso
1699632;7;30/10/2006 00:30;Strada Urbana;VIA CASILINA;all'intersezione con;VIA TOR DE' SCHIAVI;VIA TOR DE' SCHIAVI;;;Veicoli in marcia contro veicoli fermi;Incrocio;Una carreggiata a doppio senso;Asciutto;Asfaltata;Verticale ed orizzontale;Sereno;Normale;Sufficiente;Sufficiente;1;0;0;10;;;-1;1;Autovettura privata;In marcia / fermata / arresto;Conducente;M;Illeso;0;;Non accertato;Inesploso
1699632;7;30/10/2006 00:30;Strada Urbana;VIA CASILINA;all'intersezione con;VIA TOR DE' SCHIAVI;VIA TOR DE' SCHIAVI;;;Veicoli in marcia contro veicoli fermi;Incrocio;Una carreggiata a doppio senso;Asciutto;Asfaltata;Verticale ed orizzontale;Sereno;Normale;Sufficiente;Sufficiente;1;0;0;10;;;-1;2;Autovettura privata;In marcia / fermata / arresto;Conducente;M;Illeso;0;;Non accertato;Inesploso
1699632;7;30/10/2006 00:30;Strada Urbana;VIA CASILINA;all'intersezione con;VIA TOR DE' SCHIAVI;VIA TOR DE' SCHIAVI;;;Veicoli in marcia contro veicoli fermi;Incrocio;Una carreggiata a doppio senso;Asciutto;Asfaltata;Verticale ed orizzontale;Sereno;Normale;Sufficiente;Sufficiente;1;0;0;10;;;-1;2;Autovettura privata;In marcia / fermata / arresto;Passeggero;F;Illeso;0;;Non accertato;Inesploso
1699632;7;30/10/2006 00:30;Strada Urbana;VIA CASILINA;all'intersezione con;VIA TOR DE' SCHIAVI;VIA TOR DE' SCHIAVI;;;Veicoli in marcia contro veicoli fermi;Incrocio;Una carreggiata a doppio senso;Asciutto;Asfaltata;Verticale ed orizzontale;Sereno;Normale;Sufficiente;Sufficiente;1;0;0;10;;;-1;2;Autovettura privata;In marcia / fermata / arresto;Passeggero;M;Illeso;0;;Non accertato;Inesploso
1699632;7;30/10/2006 00:30;Strada Urbana;VIA CASILINA;all'intersezione con;VIA TOR DE' SCHIAVI;VIA TOR DE' SCHIAVI;;;Veicoli in marcia contro veicoli fermi;Incrocio;Una carreggiata a doppio senso;Asciutto;Asfaltata;Verticale ed orizzontale;Sereno;Normale;Sufficiente;Sufficiente;1;0;0;10;;;-1;3;Autovettura privata;In marcia / fermata / arresto;Conducente;M;Illeso;0;;Non accertato;Inesploso
1699632;7;30/10/2006 00:30;Strada Urbana;VIA CASILINA;all'intersezione con;VIA TOR DE' SCHIAVI;VIA TOR DE' SCHIAVI;;;Veicoli in marcia contro veicoli fermi;Incrocio;Una carreggiata a doppio senso;Asciutto;Asfaltata;Verticale ed orizzontale;Sereno;Normale;Sufficiente;Sufficiente;1;0;0;10;;;-1;3;Autovettura privata;In marcia / fermata / arresto;Passeggero;F;Illeso;0;;Non accertato;Inesploso