Protocollo;Gruppo;DataOraIncidente;Localizzazione1;STRADA1;Localizzazione2;STRADA2;Strada02;Chilometrica;DaSpecificare;NaturaIncidente;particolaritastrade;TipoStrada;FondoStradale;Pavimentazione;Segnaletica;CondizioneAtmosferica;Traffico;Visibilita;Illuminazione;NUM_FERITI;NUM_RISERVATA;NUM_MORTI;NUM_ILLESI;Longitudine;Latitudine;Confermato;Progressivo;TipoVeicolo;StatoVeicolo;TipoPersona;Sesso;Tipolesione;Deceduto;DecedutoDopo;CinturaCascoUtilizzato;Airbag
1711681;17;26/10/2006 06:05;Strada Urbana;VIA ANDREA DORIA;all'intersezione semaforizzata con;VIA GIROLAMO SAVONAROLA;VIA GIROLAMO SAVONAROLA;;;Tamponamento Multiplo;Intersezione semaforizzata;Una carreggiata a senso unico alternato;Asciutto;Asfaltata;Verticale ed orizzontale;Sereno;Scarso;Buona;Sufficiente;2;0;0;2;;;-1;4;Autovettura privata;In marcia / fermata / arresto;Conducente;M;Illeso;0;;Non accertato;Inesistente
1711682;17;30/10/2006 10:45;Strada Urbana;VIA SABOTINO;all'intersezione con;VIA MONTE SANTO;VIA MONTE SANTO;;;Investimento di pedone;Incrocio;Due carreggiate;Asciutto;Asfaltata;Verticale ed orizzontale;Sereno;Normale;Buona;Ore Diurne;1;0;0;2;;;-1;;;;Pedone;F;Rimandato;0;NON DECEDUTO;;
1711682;17;30/10/2006 10:45;Strada Urbana;VIA SABOTINO;all'intersezione con;VIA MONTE SANTO;VIA MONTE SANTO;;;Investimento di pedone;Incrocio;Due carreggiate;Asciutto;Asfaltata;Verticale ed orizzontale;Sereno;Normale;Buona;Ore Diurne;1;0;0;2;;;-1;1;Autovettura privata;In marcia / fermata / arresto;Conducente;M;Illeso;0;;Non accertato;Inesistente
1711682;17;30/10/2006 10:45;Strada Urbana;VIA SABOTINO;all'intersezione con;VIA MONTE SANTO;VIA MONTE SANTO;;;Investimento di pedone;Incrocio;Due carreggiate;Asciutto;Asfaltata;Verticale ed orizzontale;Sereno;Normale;Buona;Ore Diurne;1;0;0;2;;;-1;1;Autovettura privata;In marcia / fermata / arresto;Passeggero;F;Illeso;0;;Non accertato;Inesistente
1711737;5;30/10/2006 19:20;Strada Urbana;VIA DI PIETRALATA;all'intersezione con;VIA DI VIGNA MANGANI;VIA DI VIGNA MANGANI;;;Scontro laterale fra veicoli in marcia;Incrocio;Una carreggiata a doppio senso;Asciutto;Asfaltata;Orizzontale;Sereno;Normale;Sufficiente;Sufficiente;1;0;0;2;;;-1;1;Autovettura privata;In marcia / fermata / arresto;Conducente;M;Illeso;0;;Non accertato;Inesistente
1711737;5;30/10/2006 19:20;Strada Urbana;VIA DI PIETRALATA;all'intersezione con;VIA DI VIGNA MANGANI;VIA DI VIGNA MANGANI;;;Scontro laterale fra veicoli in marcia;Incrocio;Una carreggiata a doppio senso;Asciutto;Asfaltata;Orizzontale;Sereno;Normale;Sufficiente;Sufficiente;1;0;0;2;;;-1;1;Autovettura privata;In marcia / fermata / arresto;Passeggero;M;Illeso;0;;Non accertato;Inesistente
1711737;5;30/10/2006 19:20;Strada Urbana;VIA DI PIETRALATA;all'intersezione con;VIA DI VIGNA MANGANI;VIA DI VIGNA MANGANI;;;Scontro laterale fra veicoli in marcia;Incrocio;Una carreggiata a doppio senso;Asciutto;Asfaltata;Orizzontale;Sereno;Normale;Sufficiente;Sufficiente;1;0;0;2;;;-1;2;Ciclomotore;In marcia / fermata / arresto;Conducente;M;Rimandato;0;NON DECEDUTO;Non accertato;Inesistente
1711738;5;19/10/2006 20:50;Strada Urbana;VIA GIUSEPPE DONATI;all'intersezione con;VIA SILVIO NEGRO;VIA SILVIO NEGRO;;;Scontro frontale/laterale DX fra veicoli in marcia;Incrocio;Una carreggiata a doppio senso;Bagnato (pioggia);Asfaltata;Assente;Nuvoloso;Normale;Buona;Sufficiente;0;0;0;3;;;-1;1;Autovettura privata;In marcia / fermata / arresto;Conducente;F;Illeso;0;;Non accertato;Inesistente
1711738;5;19/10/2006 20:50;Strada Urbana;VIA GIUSEPPE DONATI;all'intersezione con;VIA SILVIO NEGRO;VIA SILVIO NEGRO;;;Scontro frontale/laterale DX fra veicoli in marcia;Incrocio;Una carreggiata a doppio senso;Bagnato (pioggia);Asfaltata;Assente;Nuvoloso;Normale;Buona;Sufficiente;0;0;0;3;;;-1;1;Autovettura privata;In marcia / fermata / arresto;Passeggero;F;Illeso;0;;Non accertato;Inesistente
1711738;5;19/10/2006 20:50;Strada Urbana;VIA GIUSEPPE DONATI;all'intersezione con;VIA SILVIO NEGRO;VIA SILVIO NEGRO;;;Scontro frontale/laterale DX fra veicoli in marcia;Incrocio;Una carreggiata a doppio senso;Bagnato (pioggia);Asfaltata;Assente;Nuvoloso;Normale;Buona;Sufficiente;0;0;0;3;;;-1;2;Autovettura privata;In marcia / fermata / arresto;Conducente;F;Illeso;0;;Non accertato;Inesistente
1711739;5;29/10/2006 02:30;Strada Urbana;VIALE ALESSANDRINO;all'intersezione con;VIA DEL PERGOLATO;VIA DEL PERGOLATO;;;Scontro frontale/laterale SX fra veicoli in marcia;Incrocio;Una carreggiata a doppio senso;Asciutto;Asfaltata;Verticale ed orizzontale;Sereno;Scarso;Buona;Sufficiente;1;0;0;1;;;-1;1;Autovettura privata;In marcia / fermata / arresto;Conducente;M;Illeso;0;;Non accertato;Inesistente
1711739;5;29/10/2006 02:30;Strada Urbana;VIALE ALESSANDRINO;all'intersezione con;VIA DEL PERGOLATO;VIA DEL PERGOLATO;;;Scontro frontale/laterale SX fra veicoli in marcia;Incrocio;Una carreggiata a doppio senso;Asciutto;Asfaltata;Verticale ed orizzontale;Sereno;Scarso;Buona;Sufficiente;1;0;0;1;;;-1;2;Ciclomotore;In marcia / fermata / arresto;Conducente;M;Rimandato;0;NON DECEDUTO;Non accertato;Inesistente
1711740;5;24/10/2006 18:20;Strada Urbana;VIA DI GROTTA DI GREGNA;da specificare;;;;rotatoria F. Santi  direzione Collatina ;Scontro frontale fra veicoli in marcia;Rettilineo;Due carreggiate;Asciutto;Asfaltata;Orizzontale;Sereno;Normale;Buona;Ore Diurne;1;0;0;0;;;-1;1;Ciclomotore;In marcia / fermata / arresto;Conducente;M;Rimandato;0;NON DECEDUTO;Non accertato;Inesistente
1711826;17;28/10/2006 07:30;Strada Urbana;CIRCONVALLAZIONE TRIONFALE;in prossimità;;del civico n. ;53;;Infortunio per sola frenata improvvisa;Rettilineo;Due carreggiate;Asciutto;Asfaltata;Verticale ed orizzontale;Sereno;Normale;Buona;Ore Diurne;1;0;0;2;;;-1;1;Motociclo a solo;In marcia / fermata / arresto;Conducente;M;Rimandato;0;NON DECEDUTO;Non accertato;Inesistente
1711826;17;28/10/2006 07:30;Strada Urbana;CIRCONVALLAZIONE TRIONFALE;in prossimità;;del civico n. ;53;;Infortunio per sola frenata improvvisa;Rettilineo;Due carreggiate;Asciutto;Asfaltata;Verticale ed orizzontale;Sereno;Normale;Buona;Ore Diurne;1;0;0;2;;;-1;2;Autovettura privata;In marcia / fermata / arresto;Conducente;M;Illeso;0;;Utilizzato;Inesistente
1711826;17;28/10/2006 07:30;Strada Urbana;CIRCONVALLAZIONE TRIONFALE;in prossimità;;del civico n. ;53;;Infortunio per sola frenata improvvisa;Rettilineo;Due carreggiate;Asciutto;Asfaltata;Verticale ed orizzontale;Sereno;Normale;Buona;Ore Diurne;1;0;0;2;;;-1;2;Autovettura privata;In marcia / fermata / arresto;Passeggero;F;Illeso;0;;Utilizzato;Inesistente
1711840;18;09/10/2006 01:40;Strada Urbana;VIA DI BOCCEA;all'intersezione con;VIA PIO IX;VIA PIO IX;;;Scontro frontale/laterale SX fra veicoli in marcia;Incrocio;Una carreggiata a doppio senso;Asciutto;Asfaltata;Verticale ed orizzontale;Sereno;Scarso;Sufficiente;Sufficiente;1;0;0;4;;;-1;1;Autovettura privata;In marcia / fermata / arresto;Conducente;M;Illeso;0;;Utilizzato;Inesploso
1711840;18;09/10/2006 01:40;Strada Urbana;VIA DI BOCCEA;all'intersezione con;VIA PIO IX;VIA PIO IX;;;Scontro frontale/laterale SX fra veicoli in marcia;Incrocio;Una carreggiata a doppio senso;Asciutto;Asfaltata;Verticale ed orizzontale;Sereno;Scarso;Sufficiente;Sufficiente;1;0;0;4;;;-1;1;Autovettura privata;In marcia / fermata / arresto;Passeggero;M;Illeso;0;;Non accertato;Inesistente
1711840;18;09/10/2006 01:40;Strada Urbana;VIA DI BOCCEA;all'intersezione con;VIA PIO IX;VIA PIO IX;;;Scontro frontale/laterale SX fra veicoli in marcia;Incrocio;Una carreggiata a doppio senso;Asciutto;Asfaltata;Verticale ed orizzontale;Sereno;Scarso;Sufficiente;Sufficiente;1;0;0;4;;;-1;1;Autovettura privata;In marcia / fermata / arresto;Passeggero;M;Illeso;0;;Non accertato;Inesistente
1711840;18;09/10/2006 01:40;Strada Urbana;VIA DI BOCCEA;all'intersezione con;VIA PIO IX;VIA PIO IX;;;Scontro frontale/laterale SX fra veicoli in marcia;Incrocio;Una carreggiata a doppio senso;Asciutto;Asfaltata;Verticale ed orizzontale;Sereno;Scarso;Sufficiente;Sufficiente;1;0;0;4;;;-1;2;Ciclomotore;In marcia / fermata / arresto;Conducente;F;Rimandato;0;NON DECEDUTO;Non accertato;Inesistente
1711841;18;23/10/2006 17:10;Strada Urbana;VIA DI BOCCEA;da specificare;;;;in prossimità di V. Brusasco;Scontro laterale fra veicoli in marcia;Rettilineo;Una carreggiata a doppio senso;Asciutto;Asfaltata;Verticale ed orizzontale;Sereno;Intenso;Buona;Ore Diurne;0;0;0;3;;;-1;1;Autovettura privata;In marcia / fermata / arresto;Conducente;M;Illeso;0;;Non accertato;Inesploso
1711841;18;23/10/2006 17:10;Strada Urbana;VIA DI BOCCEA;da specificare;;;;in prossimità di V. Brusasco;Scontro laterale fra veicoli in marcia;Rettilineo;Una carreggiata a doppio senso;Asciutto;Asfaltata;Verticale ed orizzontale;Sereno;Intenso;Buona;Ore Diurne;0;0;0;3;;;-1;1;Autovettura privata;In marcia / fermata / arresto;Passeggero;M;Illeso;0;;Non accertato;Inesistente
1711841;18;23/10/2006 17:10;Strada Urbana;VIA DI BOCCEA;da specificare;;;;in prossimità di V. Brusasco;Scontro laterale fra veicoli in marcia;Rettilineo;Una carreggiata a doppio senso;Asciutto;Asfaltata;Verticale ed orizzontale;Sereno;Intenso;Buona;Ore Diurne;0;0;0;3;;;-1;2;Autovettura privata;In marcia / fermata / arresto;Conducente;F;Illeso;0;;Non accertato;Inesploso
1711897;5;06/10/2006 20:30;Provinciale entro l'abitato;VIA PRENESTINA;all'intersezione con;VIALE PALMIRO TOGLIATTI;VIALE PALMIRO TOGLIATTI;;;Scontro laterale fra veicoli in marcia;Intersezione semaforizzata;Una carreggiata a doppio senso;Asciutto;Asfaltata;Verticale ed orizzontale;Sereno;Intenso;Buona;Sufficiente;1;0;0;1;;;-1;1;Motociclo a solo;In marcia / fermata / arresto;Conducente;M;Rimandato;0;NON DECEDUTO;Non accertato;Inesistente
1711897;5;06/10/2006 20:30;Provinciale entro l'abitato;VIA PRENESTINA;all'intersezione con;VIALE PALMIRO TOGLIATTI;VIALE PALMIRO TOGLIATTI;;;Scontro laterale fra veicoli in marcia;Intersezione semaforizzata;Una carreggiata a doppio senso;Asciutto;Asfaltata;Verticale ed orizzontale;Sereno;Intenso;Buona;Sufficiente;1;0;0;1;;;-1;2;Autovettura privata;In marcia / fermata / arresto;Conducente;M;Illeso;0;;Non accertato;Inesistente
1711981;17;06/10/2006 21:00;Strada Urbana;VIA LEONE IV;all'intersezione con;VIALE VATICANO;VIALE VATICANO;;;Scontro laterale fra veicoli in marcia;Intersezione semaforizzata;Una carreggiata a doppio senso;Asciutto;Asfaltata;Verticale ed orizzontale;Sereno;Normale;Sufficiente;Sufficiente;1;0;0;1;;;-1;1;Motociclo a solo;In marcia / fermata / arresto;Conducente;M;Illeso;0;;Non accertato;Inesistente
1711981;17;06/10/2006 21:00;Strada Urbana;VIA LEONE IV;all'intersezione con;VIALE VATICANO;VIALE VATICANO;;;Scontro laterale fra veicoli in marcia;Intersezione semaforizzata;Una carreggiata a doppio senso;Asciutto;Asfaltata;Verticale ed orizzontale;Sereno;Normale;Sufficiente;Sufficiente;1;0;0;1;;;-1;2;Ciclomotore;In marcia / fermata / arresto;Conducente;F;Rimandato;0;NON DECEDUTO;Non accertato;Inesistente
1711982;17;18/10/2006 13:50;Strada Urbana;LARGO DELLA GANCIA;all'intersezione con;VIA PIETRO BORSIERI;VIA PIETRO BORSIERI;;;Scontro frontale/laterale SX fra veicoli in marcia;Intersezione stradale segnalata;Una carreggiata a senso unico di marcia;Asciutto;Asfaltata;Verticale ed orizzontale;Sereno;Normale;Buona;Ore Diurne;1;0;0;1;;;-1;1;Autovettura privata;In marcia / fermata / arresto;Conducente;F;Illeso;0;;Non accertato;Esploso
1711982;17;18/10/2006 13:50;Strada Urbana;LARGO DELLA GANCIA;all'intersezione con;VIA PIETRO BORSIERI;VIA PIETRO BORSIERI;;;Scontro frontale/laterale SX fra veicoli in marcia;Intersezione stradale segnalata;Una carreggiata a senso unico di marcia;Asciutto;Asfaltata;Verticale ed orizzontale;Sereno;Normale;Buona;Ore Diurne;1;0;0;1;;;-1;2;Autovettura privata;In marcia / fermata / arresto;Conducente;M;Rimandato;0;NON DECEDUTO;Non accertato;Inesistente
1711983;17;23/10/2006 08:00;Strada Urbana;LUNGOTEVERE GUGLIELMO OBERDAN;da specificare;;;;.;Scontro frontale/laterale SX fra veicoli in marcia;Curva a visuale libera;Una carreggiata a doppio senso;Asciutto;Asfaltata;Orizzontale;Sereno;Normale;Buona;Ore Diurne;1;0;0;1;;;-1;1;Motociclo a solo;In marcia / fermata / arresto;Conducente;M;Rimandato;0;NON DECEDUTO;Non accertato;Inesistente
1711983;17;23/10/2006 08:00;Strada Urbana;LUNGOTEVERE GUGLIELMO OBERDAN;da specificare;;;;.;Scontro frontale/laterale SX fra veicoli in marcia;Curva a visuale libera;Una carreggiata a doppio senso;Asciutto;Asfaltata;Orizzontale;Sereno;Normale;Buona;Ore Diurne;1;0;0;1;;;-1;2;Autovettura privata;In marcia / fermata / arresto;Conducente;F;Illeso;0;;Non accertato;Inesistente
1711984;17;24/10/2006 12:50;Strada Urbana;VIA DELLA GIULIANA;all'intersezione con;VIA RICCARDO GRAZIOLI LANTE;VIA RICCARDO GRAZIOLI LANTE;;;Scontro frontale/laterale SX fra veicoli in marcia;Intersezione stradale segnalata;Una carreggiata a doppio senso;Asciutto;Asfaltata;Verticale ed orizzontale;Sereno;Normale;Buona;Ore Diurne;1;0;0;1;;;-1;1;Autovettura privata;In marcia / fermata / arresto;Conducente;M;Illeso;0;;Utilizzato;Inesistente
1711984;17;24/10/2006 12:50;Strada Urbana;VIA DELLA GIULIANA;all'intersezione con;VIA RICCARDO GRAZIOLI LANTE;VIA RICCARDO GRAZIOLI LANTE;;;Scontro frontale/laterale SX fra veicoli in marcia;Intersezione stradale segnalata;Una carreggiata a doppio senso;Asciutto;Asfaltata;Verticale ed orizzontale;Sereno;Normale;Buona;Ore Diurne;1;0;0;1;;;-1;2;Motociclo a solo;In marcia / fermata / arresto;Conducente;M;Ricoverato;0;NON DECEDUTO;Non accertato;Inesistente
1711985;17;25/10/2006 08:05;Strada Urbana;VIA GIUSEPPE FERRARI;in prossimità;;del civico n. ;49;;Investimento di pedone;Rettilineo;Una carreggiata a doppio senso;Asciutto;Asfaltata;Verticale ed orizzontale;Sereno;Normale;Buona;Ore Diurne;1;0;0;1;;;-1;;;;Pedone;F;Ricoverato;0;NON DECEDUTO;;
1711985;17;25/10/2006 08:05;Strada Urbana;VIA GIUSEPPE FERRARI;in prossimità;;del civico n. ;49;;Investimento di pedone;Rettilineo;Una carreggiata a doppio senso;Asciutto;Asfaltata;Verticale ed orizzontale;Sereno;Normale;Buona;Ore Diurne;1;0;0;1;;;-1;1;Motociclo a solo;In marcia / fermata / arresto;Conducente;M;Illeso;0;;Non accertato;Inesistente
1711986;17;30/10/2006 21:40;Strada Urbana;VIA DEGLI SCIPIONI;all'intersezione con;VIA VIRGINIO ORSINI;VIA VIRGINIO ORSINI;;;Scontro frontale/laterale DX fra veicoli in marcia;Intersezione stradale segnalata;Una carreggiata a doppio senso;Asciutto;Asfaltata;Verticale ed orizzontale;Sereno;Scarso;Buona;Sufficiente;1;0;0;2;;;-1;1;Autovettura privata;In marcia / fermata / arresto;Conducente;M;Illeso;0;;Non accertato;Inesistente
1711986;17;30/10/2006 21:40;Strada Urbana;VIA DEGLI SCIPIONI;all'intersezione con;VIA VIRGINIO ORSINI;VIA VIRGINIO ORSINI;;;Scontro frontale/laterale DX fra veicoli in marcia;Intersezione stradale segnalata;Una carreggiata a doppio senso;Asciutto;Asfaltata;Verticale ed orizzontale;Sereno;Scarso;Buona;Sufficiente;1;0;0;2;;;-1;1;Autovettura privata;In marcia / fermata / arresto;Passeggero;F;Illeso;0;;Non accertato;Inesistente
1711986;17;30/10/2006 21:40;Strada Urbana;VIA DEGLI SCIPIONI;all'intersezione con;VIA VIRGINIO ORSINI;VIA VIRGINIO ORSINI;;;Scontro frontale/laterale DX fra veicoli in marcia;Intersezione stradale segnalata;Una carreggiata a doppio senso;Asciutto;Asfaltata;Verticale ed orizzontale;Sereno;Scarso;Buona;Sufficiente;1;0;0;2;;;-1;2;Motociclo a solo;In marcia / fermata / arresto;Conducente;M;Rimandato;0;NON DECEDUTO;Non accertato;Inesistente
1712059;17;27/10/2006 08:50;Strada Urbana;VIALE ANGELICO;all'intersezione semaforizzata con;VIALE GIUSEPPE MAZZINI;VIALE GIUSEPPE MAZZINI;;;Scontro frontale/laterale DX fra veicoli in marcia;Incrocio;Più di due carreggiate;Asciutto;Asfaltata;Verticale ed orizzontale;Sereno;Normale;Buona;Ore Diurne;1;0;0;1;;;-1;1;Autovettura privata;In marcia / fermata / arresto;Conducente;M;Illeso;0;;Non accertato;Inesploso
1712059;17;27/10/2006 08:50;Strada Urbana;VIALE ANGELICO;all'intersezione semaforizzata con;VIALE GIUSEPPE MAZZINI;VIALE GIUSEPPE MAZZINI;;;Scontro frontale/laterale DX fra veicoli in marcia;Incrocio;Più di due carreggiate;Asciutto;Asfaltata;Verticale ed orizzontale;Sereno;Normale;Buona;Ore Diurne;1;0;0;1;;;-1;2;Ciclomotore;In marcia / fermata / arresto;Conducente;M;Rimandato;0;NON DECEDUTO;Non accertato;Inesistente
1712060;17;31/10/2006 10:50;Strada Urbana;VIALE GIOVANNI FALCONE E PAOLO BORSELLIN;all'intersezione semaforizzata con;PIAZZALE CLODIO;PIAZZALE CLODIO;;;Scontro frontale/laterale SX fra veicoli in marcia;Intersezione semaforizzata;Due carreggiate;Asciutto;Asfaltata;Verticale ed orizzontale;Sereno;Normale;Buona;Ore Diurne;1;0;0;1;;;-1;1;Ciclomotore;In marcia / fermata / arresto;Conducente;M;Rimandato;0;NON DECEDUTO;Non accertato;Inesistente
1712060;17;31/10/2006 10:50;Strada Urbana;VIALE GIOVANNI FALCONE E PAOLO BORSELLIN;all'intersezione semaforizzata con;PIAZZALE CLODIO;PIAZZALE CLODIO;;;Scontro frontale/laterale SX fra veicoli in marcia;Intersezione semaforizzata;Due carreggiate;Asciutto;Asfaltata;Verticale ed orizzontale;Sereno;Normale;Buona;Ore Diurne;1;0;0;1;;;-1;2;Autovettura privata;In marcia / fermata / arresto;Conducente;M;Illeso;0;;Non accertato;Inesistente
1712071;18;14/10/2006 13:30;Strada Urbana;VIA AURELIA;in prossimità;;del civico n. ;631;;Tamponamento;Rettilineo;Una carreggiata a doppio senso;Asciutto;Asfaltata;Verticale ed orizzontale;Sereno;Normale;Buona;Ore Diurne;1;0;0;3;;;-1;1;Autovettura privata;In marcia / fermata / arresto;Conducente;M;Illeso;0;;Non accertato;Inesistente
1712071;18;14/10/2006 13:30;Strada Urbana;VIA AURELIA;in prossimità;;del civico n. ;631;;Tamponamento;Rettilineo;Una carreggiata a doppio senso;Asciutto;Asfaltata;Verticale ed orizzontale;Sereno;Normale;Buona;Ore Diurne;1;0;0;3;;;-1;1;Autovettura privata;In marcia / fermata / arresto;Passeggero;F;Illeso;0;;Non accertato;Inesistente
1712071;18;14/10/2006 13:30;Strada Urbana;VIA AURELIA;in prossimità;;del civico n. ;631;;Tamponamento;Rettilineo;Una carreggiata a doppio senso;Asciutto;Asfaltata;Verticale ed orizzontale;Sereno;Normale;Buona;Ore Diurne;1;0;0;3;;;-1;1;Autovettura privata;In marcia / fermata / arresto;Passeggero;M;Illeso;0;;Non accertato;Inesistente
1712071;18;14/10/2006 13:30;Strada Urbana;VIA AURELIA;in prossimità;;del civico n. ;631;;Tamponamento;Rettilineo;Una carreggiata a doppio senso;Asciutto;Asfaltata;Verticale ed orizzontale;Sereno;Normale;Buona;Ore Diurne;1;0;0;3;;;-1;2;Autovettura privata;In marcia / fermata / arresto;Conducente;F;Rimandato;0;NON DECEDUTO;Non accertato;Inesistente
1712072;18;19/10/2006 12:20;Strada Urbana;VIA DI BOCCEA;in prossimità;;del civico n. ;561;;Scontro laterale fra veicoli in marcia;Rettilineo;Una carreggiata a doppio senso;Asciutto;Asfaltata;Orizzontale;Nuvoloso;Intenso;Buona;Ore Diurne;1;0;0;1;;;-1;1;Motociclo a solo;In marcia / fermata / arresto;Conducente;F;Rifiuta cure immediate;0;NON DECEDUTO;Non accertato;Inesistente
1712072;18;19/10/2006 12:20;Strada Urbana;VIA DI BOCCEA;in prossimità;;del civico n. ;561;;Scontro laterale fra veicoli in marcia;Rettilineo;Una carreggiata a doppio senso;Asciutto;Asfaltata;Orizzontale;Nuvoloso;Intenso;Buona;Ore Diurne;1;0;0;1;;;-1;2;Autocarro inferiore 35 q.;In marcia / fermata / arresto;Conducente;M;Illeso;0;;Non accertato;Inesistente
1712116;5;03/10/2006 18:35;Strada Urbana;VIA TIBURTINA;in prossimità;;del civico n. ;357;;Scontro laterale fra veicoli in marcia;Rettilineo;Una carreggiata a doppio senso;Asciutto;Asfaltata;Orizzontale;Sereno;Intenso;Buona;Ore Diurne;0;0;0;2;;;-1;1;Autovettura privata;In marcia / fermata / arresto;Conducente;M;Illeso;0;;Non accertato;Inesistente
1712116;5;03/10/2006 18:35;Strada Urbana;VIA TIBURTINA;in prossimità;;del civico n. ;357;;Scontro laterale fra veicoli in marcia;Rettilineo;Una carreggiata a doppio senso;Asciutto;Asfaltata;Orizzontale;Sereno;Intenso;Buona;Ore Diurne;0;0;0;2;;;-1;2;Autobus in extraurbana;In marcia / fermata / arresto;Conducente;M;Illeso;0;;Non accertato;Inesistente
1712117;5;07/10/2006 17:00;Strada Urbana;VIA DEI MONTI TIBURTINI;da specificare;;;;CAVALCAVIA PONTE LANCIANI;Scontro laterale fra veicoli in marcia;Rettilineo;Una carreggiata a doppio senso;Asciutto;Asfaltata;Orizzontale;Sereno;Normale;Buona;Ore Diurne;1;0;0;1;;;-1;1;Autovettura privata;In marcia / fermata / arresto;Conducente;M;Illeso;0;;Non accertato;Inesistente
1712117;5;07/10/2006 17:00;Strada Urbana;VIA DEI MONTI TIBURTINI;da specificare;;;;CAVALCAVIA PONTE LANCIANI;Scontro laterale fra veicoli in marcia;Rettilineo;Una carreggiata a doppio senso;Asciutto;Asfaltata;Orizzontale;Sereno;Normale;Buona;Ore Diurne;1;0;0;1;;;-1;2;Ciclomotore;In marcia / fermata / arresto;Conducente;M;Rimandato;0;NON DECEDUTO;Non utilizzato;Inesistente
1712118;5;15/10/2006 19:20;Strada Urbana;VIA DI GROTTA DI GREGNA;in corrispondenza;;del civico n. ;25;;Scontro frontale/laterale DX fra veicoli in marcia;Rettilineo;Una carreggiata a doppio senso;Asciutto;Asfaltata;Verticale ed orizzontale;Sereno;Scarso;Buona;Sufficiente;0;0;0;2;;;-1;1;Autovettura privata;In marcia / fermata / arresto;Conducente;M;Illeso;0;;Non accertato;Inesistente
1712118;5;15/10/2006 19:20;Strada Urbana;VIA DI GROTTA DI GREGNA;in corrispondenza;;del civico n. ;25;;Scontro frontale/laterale DX fra veicoli in marcia;Rettilineo;Una carreggiata a doppio senso;Asciutto;Asfaltata;Verticale ed orizzontale;Sereno;Scarso;Buona;Sufficiente;0;0;0;2;;;-1;2;Autovettura privata;In marcia / fermata / arresto;Conducente;M;Illeso;0;;Non accertato;Inesistente
1712119;5;21/10/2006 21:20;Strada Urbana;VIA DEI DURANTINI;all'intersezione con;VIA CARLO RIVA;VIA CARLO RIVA;;;Scontro laterale fra veicoli in marcia;Incrocio;Una carreggiata a doppio senso;Asciutto;Asfaltata;Verticale ed orizzontale;Nuvoloso;Scarso;Buona;Sufficiente;0;0;0;5;;;-1;1;Autovettura privata;In marcia / fermata / arresto;Conducente;M;Illeso;0;;Utilizzato;Inesistente
1712119;5;21/10/2006 21:20;Strada Urbana;VIA DEI DURANTINI;all'intersezione con;VIA CARLO RIVA;VIA CARLO RIVA;;;Scontro laterale fra veicoli in marcia;Incrocio;Una carreggiata a doppio senso;Asciutto;Asfaltata;Verticale ed orizzontale;Nuvoloso;Scarso;Buona;Sufficiente;0;0;0;5;;;-1;1;Autovettura privata;In marcia / fermata / arresto;Passeggero;M;Illeso;0;;Non accertato;Inesistente
1712119;5;21/10/2006 21:20;Strada Urbana;VIA DEI DURANTINI;all'intersezione con;VIA CARLO RIVA;VIA CARLO RIVA;;;Scontro laterale fra veicoli in marcia;Incrocio;Una carreggiata a doppio senso;Asciutto;Asfaltata;Verticale ed orizzontale;Nuvoloso;Scarso;Buona;Sufficiente;0;0;0;5;;;-1;2;Autovettura privata;In marcia / fermata / arresto;Conducente;M;Illeso;0;;Utilizzato;Inesistente
1712119;5;21/10/2006 21:20;Strada Urbana;VIA DEI DURANTINI;all'intersezione con;VIA CARLO RIVA;VIA CARLO RIVA;;;Scontro laterale fra veicoli in marcia;Incrocio;Una carreggiata a doppio senso;Asciutto;Asfaltata;Verticale ed orizzontale;Nuvoloso;Scarso;Buona;Sufficiente;0;0;0;5;;;-1;2;Autovettura privata;In marcia / fermata / arresto;Passeggero;F;Illeso;0;;Utilizzato;Inesistente
1712119;5;21/10/2006 21:20;Strada Urbana;VIA DEI DURANTINI;all'intersezione con;VIA CARLO RIVA;VIA CARLO RIVA;;;Scontro laterale fra veicoli in marcia;Incrocio;Una carreggiata a doppio senso;Asciutto;Asfaltata;Verticale ed orizzontale;Nuvoloso;Scarso;Buona;Sufficiente;0;0;0;5;;;-1;2;Autovettura privata;In marcia / fermata / arresto;Passeggero;M;Illeso;0;;Utilizzato;Inesistente
1712429;5;03/10/2006 09:00;Strada Urbana;VIALE SACCO E VANZETTI;all'intersezione con;VIA NICOLA MARIA NICOLAI;VIA NICOLA MARIA NICOLAI;;;Scontro laterale fra veicoli in marcia;Incrocio;Due carreggiate;Asciutto;Asfaltata;Verticale ed orizzontale;Sereno;Normale;Buona;Ore Diurne;0;0;0;2;;;-1;1;Autovettura privata;In marcia / fermata / arresto;Conducente;F;Illeso;0;;Non accertato;Inesistente
1712429;5;03/10/2006 09:00;Strada Urbana;VIALE SACCO E VANZETTI;all'intersezione con;VIA NICOLA MARIA NICOLAI;VIA NICOLA MARIA NICOLAI;;;Scontro laterale fra veicoli in marcia;Incrocio;Due carreggiate;Asciutto;Asfaltata;Verticale ed orizzontale;Sereno;Normale;Buona;Ore Diurne;0;0;0;2;;;-1;2;Motociclo a solo;In marcia / fermata / arresto;Conducente;M;Illeso;0;;Non accertato;Inesistente
1712430;5;04/10/2006 10:00;Strada Urbana;VIA DI SALONE;all'intersezione con;VIA DELLE CASE ROSSE;VIA DELLE CASE ROSSE;;;Scontro frontale fra veicoli in marcia;Rotatoria;Una carreggiata a doppio senso;Asciutto;Asfaltata;Verticale ed orizzontale;Nuvoloso;Normale;Buona;Ore Diurne;0;0;0;2;;;-1;1;Autoarticolato;In marcia / fermata / arresto;Conducente;M;Illeso;0;;Non accertato;Inesistente